﻿object_id,name,location_label,location_name,type,accession,negative_number,upload_fname
3870,"Altar of Skaurianos #158, Temple of Atargatis, angle NW",temple of atargatis,Temple of Atargatis,,,dura-c46~01,"Dura-Europos archival photograph, YUAG negative number dura-c46~01 -object-id-3870.jpg"
4073,Red wash bowl,temple of atargatis,Temple of Atargatis,,,k432a,"Dura-Europos archival photograph, YUAG negative number k432a -object-id-4073.jpg"
4170,"H2- Temple of Atargatis, Area of room 13 and pronaos, showing walls of early temple phase + bits of house walls beneath",temple of atargatis,Temple of Atargatis,,,k425a,"Dura-Europos archival photograph, YUAG negative number k425a -object-id-4170.jpg"
4627,"Fragments of doorjambs, etc. from facade of pronaos 14 of Temple of Atargatis",temple of atargatis,Temple of Atargatis,,,dura-c18~01,"Dura-Europos archival photograph, YUAG negative number dura-c18~01 -object-id-4627.jpg"
4702,"Atargatis, H2, central portion, looking SW",temple of atargatis,Temple of Atargatis,,,k352a,"Dura-Europos archival photograph, YUAG negative number k352a -object-id-4702.jpg"
4703,Bas relief head,temple of atargatis,Temple of Atargatis,,,k269a,"Dura-Europos archival photograph, YUAG negative number k269a -object-id-4703.jpg"
4773,"Part I of Inscription from Temple of Atargatis, from debris on top of Altar of Gemellus",temple of atargatis,Temple of Atargatis,,1935.98,z144,"Dura-Europos archival photograph, YUAG negative number z144 -object-id-4773.jpg"
5177,Stone sculpture mould,temple of atargatis,Temple of Atargatis,,,k410a,"Dura-Europos archival photograph, YUAG negative number k410a -object-id-5177.jpg"
5653,"Temple of Atargatis, general view to NE (?)",temple of atargatis,Temple of Atargatis,,,dura-c55~01,"Dura-Europos archival photograph, YUAG negative number dura-c55~01 -object-id-5653.jpg"
6150,"H2- T. Atargatis, Room 9 + doorway 9/10",temple of atargatis,Temple of Atargatis,,,k532b,"Dura-Europos archival photograph, YUAG negative number k532b -object-id-6150.jpg"
6182,"Inscribed brick (d163) from pavement of NE court, Temple of Atargatis",temple of atargatis,Temple of Atargatis,,,dura-c82~01,"Dura-Europos archival photograph, YUAG negative number dura-c82~01 -object-id-6182.jpg"
6750,"Side view of staircase 3, Temple of Atargatis",temple of atargatis,Temple of Atargatis,,,dura-c50~01,"Dura-Europos archival photograph, YUAG negative number dura-c50~01 -object-id-6750.jpg"
6919,Bronze Leg,temple of atargatis,Temple of Atargatis,,1938.2662,1938'2953~01,"Dura-Europos archival photograph, YUAG negative number 1938'2953~01 -object-id-6919.jpg"
8400,"Temple of Atargatis, stela with crescent moon (Hadad)",temple of atargatis,Temple of Atargatis,,,dura-c8~01,"Dura-Europos archival photograph, YUAG negative number dura-c8~01 -object-id-8400.jpg"
8796,"Fragment of cornice, Temple of Atargatis",temple of atargatis,Temple of Atargatis,,,dura-c106~01,"Dura-Europos archival photograph, YUAG negative number dura-c106~01 -object-id-8796.jpg"
8856,Temple of Atargatis: Archtectural detail. unidentified,temple of atargatis,Temple of Atargatis,,,h317b,"Dura-Europos archival photograph, YUAG negative number h317b -object-id-8856.jpg"
8871,General view of Temple of Atargatis,temple of atargatis,Temple of Atargatis,,,dura-c112~01,"Dura-Europos archival photograph, YUAG negative number dura-c112~01 -object-id-8871.jpg"
9036,"Inscription, graffito from h2 (copy): bust of goddess in shrine",temple of atargatis,Temple of Atargatis,,,y486,"Dura-Europos archival photograph, YUAG negative number y486 -object-id-9036.jpg"
9211,"T.Atargatis Altar, SW corner",temple of atargatis,Temple of Atargatis,,,k271a,"Dura-Europos archival photograph, YUAG negative number k271a -object-id-9211.jpg"
9236,"Atargatis H2, East portion, looking South",temple of atargatis,Temple of Atargatis,,,k354a,"Dura-Europos archival photograph, YUAG negative number k354a -object-id-9236.jpg"
9347,"Bust in relief, keystone of an arch?",temple of atargatis,Temple of Atargatis,,,dura-d325~01,"Dura-Europos archival photograph, YUAG negative number dura-d325~01 -object-id-9347.jpg"
10894,"Temple of Atargatis, altar of Gemellos",temple of atargatis,Temple of Atargatis,,,dura-c5~01,"Dura-Europos archival photograph, YUAG negative number dura-c5~01 -object-id-10894.jpg"
10951,Bronze Conical Knob,temple of atargatis,Temple of Atargatis,,1938.3094,1938'3098~01,"Dura-Europos archival photograph, YUAG negative number 1938'3098~01 -object-id-10951.jpg"
11210,"H2- T. Atargatis, Walls of early temple under later pool, with natural depression in bedrock",temple of atargatis,Temple of Atargatis,,,k528b,"Dura-Europos archival photograph, YUAG negative number k528b -object-id-11210.jpg"
11970,"Storage jar from room 14, Temple of Atargatis",temple of atargatis,Temple of Atargatis,,,dura-c61~01,"Dura-Europos archival photograph, YUAG negative number dura-c61~01 -object-id-11970.jpg"
12017,"Bust in relief, keystones of arches (?)",temple of atargatis,Temple of Atargatis,,,dura-d323~01,"Dura-Europos archival photograph, YUAG negative number dura-d323~01 -object-id-12017.jpg"
12019,"H2- T. Atargatis, Cesspool in court + drain from shrine of Gemellus",temple of atargatis,Temple of Atargatis,,,k533b,"Dura-Europos archival photograph, YUAG negative number k533b -object-id-12019.jpg"
12134,"Globular Jar, Medium Height",temple of atargatis,Temple of Atargatis,,1938.4781,1938'4786~01,"Dura-Europos archival photograph, YUAG negative number 1938'4786~01 -object-id-12134.jpg"
13107,"3 superimposed stone basins beside doorway to court, at R, altar of Scorianus, Entrance 1, Temple of Atargatis",temple of atargatis,Temple of Atargatis,,,dura-c47~01,"Dura-Europos archival photograph, YUAG negative number dura-c47~01 -object-id-13107.jpg"
13646,"Pronaos 14, Salle aux gradius, N. side",temple of atargatis,Temple of Atargatis,,,k275a,"Dura-Europos archival photograph, YUAG negative number k275a -object-id-13646.jpg"
13744,graffito 3465,temple of atargatis,Temple of Atargatis,,,dam-132~01,"Dura-Europos archival photograph, YUAG negative number dam-132~01 -object-id-13744.jpg"
13949,"Room 21 from south, Temple of Atargatis",temple of atargatis,Temple of Atargatis,,,dura-c65~01,"Dura-Europos archival photograph, YUAG negative number dura-c65~01 -object-id-13949.jpg"
14262,"Temple of Atargatis, west gradius and 1 pedestal on north wall",temple of atargatis,Temple of Atargatis,,,dura-c74~01,"Dura-Europos archival photograph, YUAG negative number dura-c74~01 -object-id-14262.jpg"
14272,"Room 23, Temple of Atargatis, west gradius and pedestals on north wall",temple of atargatis,Temple of Atargatis,,,dura-c66~01,"Dura-Europos archival photograph, YUAG negative number dura-c66~01 -object-id-14272.jpg"
14285,Hadad head,temple of atargatis,Temple of Atargatis,,,dura-c155~01,"Dura-Europos archival photograph, YUAG negative number dura-c155~01 -object-id-14285.jpg"
14627,"Temple of Atargatis, general view on main axis from Street 4",temple of atargatis,Temple of Atargatis,,,dura-c60~01,"Dura-Europos archival photograph, YUAG negative number dura-c60~01 -object-id-14627.jpg"
201,"Inscription, T. Atargatis",temple of atargatis,Temple of Atargatis,,,k347a,"Dura-Europos archival photograph, YUAG negative number k347a -object-id-201.jpg"
450,"Pronaos 14, Salle aux gradius, NE corner",temple of atargatis,Temple of Atargatis,,,k276a,"Dura-Europos archival photograph, YUAG negative number k276a -object-id-450.jpg"
616,"H2- Temple of Atargatis, Room 28, facade",temple of atargatis,Temple of Atargatis,,,k420a,"Dura-Europos archival photograph, YUAG negative number k420a -object-id-616.jpg"
1758,"Entrance 22, Temple of Atargatis, looking toward Street 3",temple of atargatis,Temple of Atargatis,,,dura-c59~01,"Dura-Europos archival photograph, YUAG negative number dura-c59~01 -object-id-1758.jpg"
2455,Bust in relief,temple of atargatis,Temple of Atargatis,,,dura-d324~01,"Dura-Europos archival photograph, YUAG negative number dura-d324~01 -object-id-2455.jpg"
3055,Mould for vase,temple of atargatis,Temple of Atargatis,,1931.583,dura-d344~01,"Dura-Europos archival photograph, YUAG negative number dura-d344~01 -object-id-3055.jpg"
3210,"H2- T. Atargatis, Drain in alley; early doorsill in background",temple of atargatis,Temple of Atargatis,,,k534b,"Dura-Europos archival photograph, YUAG negative number k534b -object-id-3210.jpg"
4008,Bead,temple of atargatis,Temple of Atargatis,,1938.4238,1938'4239~01,"Dura-Europos archival photograph, YUAG negative number 1938'4239~01 -object-id-4008.jpg"
4165,Inscription,temple of atargatis,Temple of Atargatis,,,k182a,"Dura-Europos archival photograph, YUAG negative number k182a -object-id-4165.jpg"
5175,Clay Figurines,temple of atargatis,Temple of Atargatis,,"1933.3229, 1933.322c, 1929.301",yale1321,"Dura-Europos archival photograph, YUAG negative number yale1321 -object-id-5175.jpg"
5181,Bust in Relief,temple of atargatis,Temple of Atargatis,,,dura-d327~01,"Dura-Europos archival photograph, YUAG negative number dura-d327~01 -object-id-5181.jpg"
5553,Inscription,temple of atargatis,Temple of Atargatis,,,k181a,"Dura-Europos archival photograph, YUAG negative number k181a -object-id-5553.jpg"
6180,"Temple of Atargatis, general view from SE, court and rooms on north",temple of atargatis,Temple of Atargatis,,,dura-c77~01,"Dura-Europos archival photograph, YUAG negative number dura-c77~01 -object-id-6180.jpg"
6403,"H2- T. Atargatis, Room 9 with altar (?) pedestal at back",temple of atargatis,Temple of Atargatis,,,k536b,"Dura-Europos archival photograph, YUAG negative number k536b -object-id-6403.jpg"
8007,Terracotta figurine of rider,temple of atargatis,Temple of Atargatis,,1930.537,y264,"Dura-Europos archival photograph, YUAG negative number y264 -object-id-8007 replaced.jpg"
9344,Palm. and Greek Inscription,temple of atargatis,Temple of Atargatis,,,k266a,"Dura-Europos archival photograph, YUAG negative number k266a -object-id-9344 replaced.jpg"
9345,"H2- T. Atargatis, Original altar in court and remains of late enlargement of it",temple of atargatis,Temple of Atargatis,,,k524b,"Dura-Europos archival photograph, YUAG negative number k524b -object-id-9345 replaced.jpg"
9359,"Shrine of Gemellus, S. of pronaos doorway",temple of atargatis,Temple of Atargatis,,,k273a,"Dura-Europos archival photograph, YUAG negative number k273a -object-id-9359.jpg"
9372,Inscription of Ammonios from h2 Court,temple of atargatis,Temple of Atargatis,,,dura-c7~01,"Dura-Europos archival photograph, YUAG negative number dura-c7~01 -object-id-9372.jpg"
9619,Stone mould,temple of atargatis,Temple of Atargatis,,,k411a,"Dura-Europos archival photograph, YUAG negative number k411a -object-id-9619 replaced.jpg"
11116,"H2- Temple of Atargatis, stairway 3",temple of atargatis,Temple of Atargatis,,,k424a,"Dura-Europos archival photograph, YUAG negative number k424a -object-id-11116.jpg"
12481,"stone altar with inscription, cw pottery",temple of atargatis,Temple of Atargatis,,,dam-189~01,"Dura-Europos archival photograph, YUAG negative number dam-189~01 -object-id-12481.jpg"
13163,Detail of end of gradius on west side,temple of atargatis,Temple of Atargatis,,,dura-c68~01,"Dura-Europos archival photograph, YUAG negative number dura-c68~01 -object-id-13163.jpg"
14376,"Door. Temple of Atargatis h2, trim of pronaos doorway",temple of atargatis,Temple of Atargatis,,,h37a,"Dura-Europos archival photograph, YUAG negative number h37a -object-id-14376.jpg"
7174,Bronze Base or Stand,temple of atargatis,Temple of Atargatis - 62,,1938.3437,1938'3513~01,"Dura-Europos archival photograph, YUAG negative number 1938'3513~01 -object-id-7174.jpg"
10739,bone spoon,temple of atargatis,Temple of Atargatis - Room 6-3,,1938.923,1938'924~01,"Dura-Europos archival photograph, YUAG negative number 1938'924~01 -object-id-10739.jpg"
13659,3 busts,temple of atargatis,Temple of Atargatis (?),,,dura-d321~01,"Dura-Europos archival photograph, YUAG negative number dura-d321~01 -object-id-13659.jpg"
3163,"Terracotta plaque, man in Parthian dress",temple of atargatis,Temple of Atargatis (h2k),,1930.538,y255,"Dura-Europos archival photograph, YUAG negative number y255 -object-id-3163.jpg"
12156,bronzes and green glazed figurine fragments,temple of atargatis,Temple of Atargatis (k556); private house/barracks (h251); Temple of Atargatis court (k752),,,dam-146~01,"Dura-Europos archival photograph, YUAG negative number dam-146~01 -object-id-12156.jpg"
4532,Bas relief of Hercules,temple of atargatis,Temple of Atargatis cistern,,,k270a,"Dura-Europos archival photograph, YUAG negative number k270a -object-id-4532.jpg"
14536,Bas relief of Hercules,temple of atargatis,Temple of Atargatis cistern,,1938.5309,k268a,"Dura-Europos archival photograph, YUAG negative number k268a -object-id-14536.jpg"
14470,"Red glazed pottery, stamped; green glazed figurines",temple of atargatis,Temple of Atargatis court (k752); Temple of the Gadde (?),,,dam-149~01,"Dura-Europos archival photograph, YUAG negative number dam-149~01 -object-id-14470.jpg"
3040,stone inscription,temple of atargatis,Temple of Atargatis near Salle aux Gradins,,,dam-193~01,"Dura-Europos archival photograph, YUAG negative number dam-193~01 -object-id-3040.jpg"
3995,Engraved Carnelian Set,temple of atargatis,Temple of Atargatis-Pronaos,,1938.4272,1938'4332~01,"Dura-Europos archival photograph, YUAG negative number 1938'4332~01 -object-id-3995.tif"
12689,Engraved Carnelian Set,temple of atargatis,Temple of Atargatis-Pronaos,,1938.4332,1938'4332~02,"Dura-Europos archival photograph, YUAG negative number 1938'4332~02 -object-id-12689 replaced.jpg"
11944,Relief of Hadad and Atargatis,temple of atargatis,"Temple of Atargatis, court",,,dura-c184~01,"Dura-Europos archival photograph, YUAG negative number dura-c184~01 -object-id-11944.jpg"
6410,painted Syriac inscription; stone inscription (d150),temple of atargatis,"Temple of Atargatis, court (stone inscr.)",,,dam-170~01,"Dura-Europos archival photograph, YUAG negative number dam-170~01 -object-id-6410.tif"
5554,Bronzes,temple of atargatis,"Temple of Atargatis, Main Street",,,k293a,"Dura-Europos archival photograph, YUAG negative number k293a -object-id-5554.jpg"
14357,stone inscription,temple of atargatis,"Temple of Atargatis, prob. step from salle aux gradius (left); Temple of Artemis, room S of naos (right)",,,dam-174~01,"Dura-Europos archival photograph, YUAG negative number dam-174~01 -object-id-14357.tif"
13412,"Temple of Atargatis, room 23 from S",temple of atargatis,"Temple of Atargatis, room 23",,,dura-c175~01,"Dura-Europos archival photograph, YUAG negative number dura-c175~01 -object-id-13412.jpg"
13649,"Atargatis H2 + part of H4, west portion, looking SW",temple of atargatis,"Temple of Atargatis, Temple of Artemis",,,k353a,"Dura-Europos archival photograph, YUAG negative number k353a -object-id-13649.jpg"
1214,Altar from Temple of Atargatis,temple of atargatis,"Temple of Atargatis, vestibule 1",,,dura-c99~01,"Dura-Europos archival photograph, YUAG negative number dura-c99~01 -object-id-1214.tif"
3083,Bust in relief,temple of atargatis,Temple of Atargatis?,,1938.5352,dura-d326~01,"Dura-Europos archival photograph, YUAG negative number dura-d326~01 -object-id-3083.tif"
14322,Stone Tablet with Dedicatory Inscription,temple of atargatis,Temple of Atargis,,1930.6,1930'625~01,"Dura-Europos archival photograph, YUAG negative number 1930'625~01 -object-id-14322.tif"
4578,Graffito,temple of azzanathkona,Temple of Azcuathkena,,,dura-g835a~01,"Dura-Europos archival photograph, YUAG negative number dura-g835a~01 -object-id-4578.jpg"
3441,small bronze objects,temple of azzanathkona,"Temple of Azzanathkon/Praetorium (e1067); private house/shop (e1203, e763, e775); Temple of Aphlad/private house (e452)",,,dam-119~01,"Dura-Europos archival photograph, YUAG negative number dam-119~01 -object-id-3441.jpg"
2484,"Temple of Azzanathkona, section East-West",temple of azzanathkona,Temple of Azzanathkona,,,y718c,"Dura-Europos archival photograph, YUAG negative number y718c -object-id-2484.tif"
3293,"Relief showing cult scene, Azzanathkona",temple of azzanathkona,Temple of Azzanathkona,,,dura-e104~01,"Dura-Europos archival photograph, YUAG negative number dura-e104~01 -object-id-3293.tif"
3303,Graffiti in chancery near Azzanathkona,temple of azzanathkona,Temple of Azzanathkona,,,dura-g1134a~01,"Dura-Europos archival photograph, YUAG negative number dura-g1134a~01 -object-id-3303.tif"
3933,Graffiti in chancery near Azzanathkona Temple,temple of azzanathkona,Temple of Azzanathkona,,,dura-g1135a~01,"Dura-Europos archival photograph, YUAG negative number dura-g1135a~01 -object-id-3933.tif"
7064,"Temple of Azzanathkona, e7, w9 S side",temple of azzanathkona,Temple of Azzanathkona,,,dura-e50~01,"Dura-Europos archival photograph, YUAG negative number dura-e50~01 -object-id-7064.tif"
9300,"Graffito/inscription (#506), with many names",temple of azzanathkona,Temple of Azzanathkona,,,dura-e193~01,"Dura-Europos archival photograph, YUAG negative number dura-e193~01 -object-id-9300.tif"
9336,"Graffito/inscription (#505), with lines beginning with N/M",temple of azzanathkona,Temple of Azzanathkona,,,dura-e192~01,"Dura-Europos archival photograph, YUAG negative number dura-e192~01 -object-id-9336.tif"
9606,"Inscription from e7, w9 (#504)",temple of azzanathkona,Temple of Azzanathkona,,,dura-e69~01,"Dura-Europos archival photograph, YUAG negative number dura-e69~01 -object-id-9606.tif"
11111,"Ink graffito, lion hunt with inscription",temple of azzanathkona,Temple of Azzanathkona,,,dura-e89~01,"Dura-Europos archival photograph, YUAG negative number dura-e89~01 -object-id-11111.tif"
12110,Papyrus/parchment,temple of azzanathkona,Temple of Azzanathkona,,,dura-e144~01,"Dura-Europos archival photograph, YUAG negative number dura-e144~01 -object-id-12110.tif"
1,Inscription in chancery near Temple of Azzanathkona,temple of azzanathkona,Temple of Azzanathkona,,,dura-g995b~01,"Dura-Europos archival photograph, YUAG negative number dura-g995b~01 -object-id-1.jpg"
733,Graffiti from chncery near Azzanathkona Temple,temple of azzanathkona,Temple of Azzanathkona,,,dura-g811a~01,"Dura-Europos archival photograph, YUAG negative number dura-g811a~01 -object-id-733.tif"
1103,Bronze Pendant,temple of azzanathkona,Temple of Azzanathkona,,1982.28.117,1932'1538~01,"Dura-Europos archival photograph, YUAG negative number 1932'1538~01 -object-id-1103.jpg"
1149,"Temple of Azzanathkona, plan",temple of azzanathkona,Temple of Azzanathkona,,,y718a,"Dura-Europos archival photograph, YUAG negative number y718a -object-id-1149.jpg"
1733,"S side of Temple of Azzanathkona, view W",temple of azzanathkona,Temple of Azzanathkona,,,dura-e311~01,"Dura-Europos archival photograph, YUAG negative number dura-e311~01 -object-id-1733.jpg"
1854,Bronze Pendant,temple of azzanathkona,Temple of Azzanathkona,,1932.1476a,1932'1534~01,"Dura-Europos archival photograph, YUAG negative number 1932'1534~01 -object-id-1854.jpg"
2071,"Temple of Azzanathkona, section North-South",temple of azzanathkona,Temple of Azzanathkona,,,y718b,"Dura-Europos archival photograph, YUAG negative number y718b -object-id-2071.jpg"
2097,"Temple of Azzanathkona, e7, w9, N side",temple of azzanathkona,Temple of Azzanathkona,,,dura-e53~01,"Dura-Europos archival photograph, YUAG negative number dura-e53~01 -object-id-2097.jpg"
2098,"Temple of Azzanathkona, e7, w9 S side",temple of azzanathkona,Temple of Azzanathkona,,,dura-e49~01,"Dura-Europos archival photograph, YUAG negative number dura-e49~01 -object-id-2098.jpg"
3451,bas relief fragment with grape pattern,temple of azzanathkona,Temple of Azzanathkona,,1931.597,1932'1218~01,"Dura-Europos archival photograph, YUAG negative number 1932'1218~01 -object-id-3451.jpg"
3072,Altar in Temple of Azzanathkona,temple of azzanathkona,Temple of Azzanathkona,,,dura-e309~01,"Dura-Europos archival photograph, YUAG negative number dura-e309~01 -object-id-3072.jpg"
4799,Entrance to Temple of Azzanathkona with inscription #468 to Heliodorus,temple of azzanathkona,Temple of Azzanathkona,,,dura-e47~01,"Dura-Europos archival photograph, YUAG negative number dura-e47~01 -object-id-4799.jpg"
5584,Dipinto drawing in Azzanathkona Temple,temple of azzanathkona,Temple of Azzanathkona,,,dura-g1136a~01,"Dura-Europos archival photograph, YUAG negative number dura-g1136a~01 -object-id-5584.jpg"
7054,"Temple of Azzanathkona, e7, w9 N side",temple of azzanathkona,Temple of Azzanathkona,,,dura-e52~01,"Dura-Europos archival photograph, YUAG negative number dura-e52~01 -object-id-7054.jpg"
7328,Dipinto from Azzanathkona Temple,temple of azzanathkona,Temple of Azzanathkona,,,dura-g813a~01,"Dura-Europos archival photograph, YUAG negative number dura-g813a~01 -object-id-7328.jpg"
7329,Dipinto from Azzanathkona Temple,temple of azzanathkona,Temple of Azzanathkona,,,dura-g812a~01,"Dura-Europos archival photograph, YUAG negative number dura-g812a~01 -object-id-7329.jpg"
8511,"Temple of Azzanathkona, e7, w9, N side",temple of azzanathkona,Temple of Azzanathkona,,,dura-e55~01,"Dura-Europos archival photograph, YUAG negative number dura-e55~01 -object-id-8511.jpg"
8913,"Temple of Azzanathkona, e7, w9, N side",temple of azzanathkona,Temple of Azzanathkona,,,dura-e56~01,"Dura-Europos archival photograph, YUAG negative number dura-e56~01 -object-id-8913.jpg"
9001,"Temple of Azzanathkona, e7, w9, N side",temple of azzanathkona,Temple of Azzanathkona,,,dura-e54~01,"Dura-Europos archival photograph, YUAG negative number dura-e54~01 -object-id-9001.jpg"
11098,drawing of graffito from Temple of Azzanathkona (copy by Deigert),temple of azzanathkona,Temple of Azzanathkona,,,y526,"Dura-Europos archival photograph, YUAG negative number y526 -object-id-11098.jpg"
11205,"drawing of graffito (copy by Deigert) from Temple of Azzanathkona (e7), north salle aux gradins (w9)",temple of azzanathkona,Temple of Azzanathkona,,,y527,"Dura-Europos archival photograph, YUAG negative number y527 -object-id-11205.jpg"
11574,Inscription in chancery near Temple of Azzanathkona,temple of azzanathkona,Temple of Azzanathkona,,,dura-g969b~01,"Dura-Europos archival photograph, YUAG negative number dura-g969b~01 -object-id-11574.jpg"
12094,"Ink graffito, cult scene, E wall, Temple of Azzanathkona",temple of azzanathkona,Temple of Azzanathkona,,1932.1208,dura-e86b~01,"Dura-Europos archival photograph, YUAG negative number dura-e86b~01 -object-id-12094.jpg"
12095,"Ink graffito, cult scene, E wall, Temple of Azzanathkona",temple of azzanathkona,Temple of Azzanathkona,,,dura-e86a~01,"Dura-Europos archival photograph, YUAG negative number dura-e86a~01 -object-id-12095.jpg"
12105,painted inscription,temple of azzanathkona,Temple of Azzanathkona,,,dam-34~01,"Dura-Europos archival photograph, YUAG negative number dam-34~01 -object-id-12105.jpg"
13414,Inscription in chancery near Temple of Azzanathkona,temple of azzanathkona,Temple of Azzanathkona,,,dura-g970b~01,"Dura-Europos archival photograph, YUAG negative number dura-g970b~01 -object-id-13414.jpg"
13773,"Inscription of Barnabous (#453) from Temple of Azzanathkona, d8",temple of azzanathkona,Temple of Azzanathkona,,,dura-e71~01,"Dura-Europos archival photograph, YUAG negative number dura-e71~01 -object-id-13773.jpg"
231,relief of Azzanathkona,temple of azzanathkona,Temple of Azzanathkona,,,dam-90~01,"Dura-Europos archival photograph, YUAG negative number dam-90~01 -object-id-231.jpg"
2459,Plaster fragments and drawings; inscription #501: DOPKAC,temple of azzanathkona,Temple of Azzanathkona,,,dura-e77~01,"Dura-Europos archival photograph, YUAG negative number dura-e77~01 -object-id-2459 replaced.jpg"
9464,Dipinto of boar hunt,temple of azzanathkona,Temple of Azzanathkona,,,dura-e90~01,"Dura-Europos archival photograph, YUAG negative number dura-e90~01 -object-id-9464.jpg"
11971,Court of Temple of Azzanathkona looking W,temple of azzanathkona,Temple of Azzanathkona,,,dura-e310~01,"Dura-Europos archival photograph, YUAG negative number dura-e310~01 -object-id-11971.jpg"
14334,Inscription of Heliodorus (#468),temple of azzanathkona,Temple of Azzanathkona,,,dura-e70~01,"Dura-Europos archival photograph, YUAG negative number dura-e70~01 -object-id-14334.jpg"
8728,Bronze Disc Weight,temple of azzanathkona,Temple of Azzanathkona  Praetorium,,1938.309,1938'3202~01,"Dura-Europos archival photograph, YUAG negative number 1938'3202~01 -object-id-8728.tif"
1986,Bronze Locket (Pendant),temple of azzanathkona,Temple of Azzanathkona  Praetorium,,1938.2111,1938'2113~01,"Dura-Europos archival photograph, YUAG negative number 1938'2113~01 -object-id-1986.jpg"
5207,Bronze Harness Decoration,temple of azzanathkona,Temple of Azzanathkona  Praetorium,,1938.3095,1938'3106~01,"Dura-Europos archival photograph, YUAG negative number 1938'3106~01 -object-id-5207.jpg"
6951,Leg of Bronze Stand (?),temple of azzanathkona,Temple of Azzanathkona  Praetorium,,1932.163,1932'1665~01,"Dura-Europos archival photograph, YUAG negative number 1932'1665~01 -object-id-6951.jpg"
7027,Flat Bronze Handle (?) with Design,temple of azzanathkona,Temple of Azzanathkona  Praetorium,,1932.1418,1932'1585~01,"Dura-Europos archival photograph, YUAG negative number 1932'1585~01 -object-id-7027.jpg"
10910,Bronze Locket,temple of azzanathkona,Temple of Azzanathkona  Praetorium,,1938.2115,1938'2124~01,"Dura-Europos archival photograph, YUAG negative number 1938'2124~01 -object-id-10910.jpg"
10911,Bronze Pendant,temple of azzanathkona,Temple of Azzanathkona  Praetorium,,1938.2127,1938'2128~01,"Dura-Europos archival photograph, YUAG negative number 1938'2128~01 -object-id-10911.jpg"
5940,Clay figures,temple of azzanathkona,"Temple of Azzanathkona (e1012); Place G (e1399); Private house (e641); Private house, street g (e1214=1932.1251); Private house (e583=1932.1258); Private house, shop (e949)",,1932.1251; 1932.1258,dura-e118~01,"Dura-Europos archival photograph, YUAG negative number dura-e118~01 -object-id-5940.jpg"
4363,small bronze objects,temple of azzanathkona,"Temple of Azzanathkona (e1216); private house/shop (e1376); private house/barracks (h121); Parthian bath/amphitheater (f1245); Synagogue/private house (f972); private house/shop (k345, e763)",,,dam-196~01,"Dura-Europos archival photograph, YUAG negative number dam-196~01 -object-id-4363.jpg"
3081,green glazed vase and black ware jug,temple of azzanathkona,Temple of Azzanathkona (e1227),,,dam-177~01,"Dura-Europos archival photograph, YUAG negative number dam-177~01 -object-id-3081.jpg"
3831,Deep Commonware Bowl,temple of azzanathkona,Temple of Azzanathkona Praetorium,,1932.1273,1932'1340~01,"Dura-Europos archival photograph, YUAG negative number 1932'1340~01 -object-id-3831.tif"
171,Fragment of Pierced Stone Screen (Ecrau de Pierre),temple of azzanathkona,Temple of Azzanathkona Praetorium,,1932.1225,1932'1229~01,"Dura-Europos archival photograph, YUAG negative number 1932'1229~01 -object-id-171.jpg"
8748,Bronze Fibula,temple of azzanathkona,Temple of Azzanathkona Praetorium,,1938.2058,1938'2061~01,"Dura-Europos archival photograph, YUAG negative number 1938'2061~01 -object-id-8748.jpg"
9101,Bronze Clasp Pin (?),temple of azzanathkona,Temple of Azzanathkona Praetorium,,1932.1214,1932'1677~01,"Dura-Europos archival photograph, YUAG negative number 1932'1677~01 -object-id-9101.jpg"
12131,Rectangular Stone Slab,temple of azzanathkona,Temple of Azzanathkona Praetorium,,1932.1682,1932'1723~01,"Dura-Europos archival photograph, YUAG negative number 1932'1723~01 -object-id-12131.jpg"
12136,Small Glass Bottle,temple of azzanathkona,Temple of Azzanathkona Praetorium,,1931.601c,1932'1248~01,"Dura-Europos archival photograph, YUAG negative number 1932'1248~01 -object-id-12136.jpg"
12539,small commonware vessel,temple of azzanathkona,temple of azzanathkona Praetorium,,1932.1342,1932'1386~01,"Dura-Europos archival photograph, YUAG negative number 1932'1386~01 -object-id-12539.jpg"
14312,Alabastron,temple of azzanathkona,Temple of Azzanathkona Praetorium,,1932.1229,1932'1231~01,"Dura-Europos archival photograph, YUAG negative number 1932'1231~01 -object-id-14312.jpg"
14406,Plaster Block with Bas-relief Head,temple of azzanathkona,Temple of Azzanathkona Praetorium,,1938.5365,1938'5366~01,"Dura-Europos archival photograph, YUAG negative number 1938'5366~01 -object-id-14406.jpg"
11906,Dish or Sharpening Stone (?),temple of azzanathkona,Temple of Azzanathkona Praetorium,,1932.1381,1932'1682~01,"Dura-Europos archival photograph, YUAG negative number 1932'1682~01 -object-id-11906.jpg"
13888,Plaster Bust,temple of azzanathkona,Temple of Azzanathkona Praetorium,,1932.1217,1932'1222~01,"Dura-Europos archival photograph, YUAG negative number 1932'1222~01 -object-id-13888.jpg"
6563,"Depinto from e7w14, drawing by Schmalz",temple of azzanathkona,"Temple of Azzanathkona, Praetorium",,1932.1208,y134,"Dura-Europos archival photograph, YUAG negative number y134 -object-id-6563.tif"
9210,"Depinto from e7w14, part",temple of azzanathkona,"Temple of Azzanathkona, Praetorium",,,y131,"Dura-Europos archival photograph, YUAG negative number y131 -object-id-9210.tif"
12159,"Depinto from e7w14, part",temple of azzanathkona,"Temple of Azzanathkona, Praetorium",,1932.1208,y132,"Dura-Europos archival photograph, YUAG negative number y132 -object-id-12159.tif"
14256,Graffito from e7 w14: lion hunt,temple of azzanathkona,"Temple of Azzanathkona, Praetorium",,,y480,"Dura-Europos archival photograph, YUAG negative number y480 -object-id-14256.tif"
601,bronze heart-shaped pendant,temple of azzanathkona,"Temple of Azzanathkona, Praetorium",,1932.1529,1932'1532c~01,"Dura-Europos archival photograph, YUAG negative number 1932'1532c~01 -object-id-601.jpg"
1342,bronze bead,temple of azzanathkona,"Temple of Azzanathkona, Praetorium",,1938.2515,1938'2517~01,"Dura-Europos archival photograph, YUAG negative number 1938'2517~01 -object-id-1342.jpg"
3356,"Drawing, graffito from e7 w14 (copy): lion hunt",temple of azzanathkona,"Temple of Azzanathkona, Praetorium",,,y479,"Dura-Europos archival photograph, YUAG negative number y479 -object-id-3356.jpg"
4720,Plaster Bust,temple of azzanathkona,"Temple of Azzanathkona, Praetorium",,1932.1222,1932'1223~01,"Dura-Europos archival photograph, YUAG negative number 1932'1223~01 -object-id-4720.jpg"
6018,bone kife handle with piece of iron blade,temple of azzanathkona,"Temple of Azzanathkona, Praetorium",,1932.1696,1932'1702~01,"Dura-Europos archival photograph, YUAG negative number 1932'1702~01 -object-id-6018.jpg"
6020,bone stylus,temple of azzanathkona,"Temple of Azzanathkona, Praetorium",,1932.1691,1932'1695~01,"Dura-Europos archival photograph, YUAG negative number 1932'1695~01 -object-id-6020.jpg"
6022,bone instrument with pointed tip,temple of azzanathkona,"Temple of Azzanathkona, Praetorium",,1932.1690c,1932'1690d~01,"Dura-Europos archival photograph, YUAG negative number 1932'1690d~01 -object-id-6022.jpg"
6023,bone instrument with pointed tip,temple of azzanathkona,"Temple of Azzanathkona, Praetorium",,1932.1690a,1932'1690c~01,"Dura-Europos archival photograph, YUAG negative number 1932'1690c~01 -object-id-6023.jpg"
6024,bone instrument with pointed tip,temple of azzanathkona,"Temple of Azzanathkona, Praetorium",,1932.1683,1932'1690a~01,"Dura-Europos archival photograph, YUAG negative number 1932'1690a~01 -object-id-6024.jpg"
10714,bone button,temple of azzanathkona,"Temple of Azzanathkona, Praetorium",,1932.1712,1932'1714~01,"Dura-Europos archival photograph, YUAG negative number 1932'1714~01 -object-id-10714.jpg"
10717,bone instrument with pointed tip,temple of azzanathkona,"Temple of Azzanathkona, Praetorium",,1932.1690b,1932'1690e~01,"Dura-Europos archival photograph, YUAG negative number 1932'1690e~01 -object-id-10717.jpg"
10718,bone instrument with pointed tip,temple of azzanathkona,"Temple of Azzanathkona, Praetorium",,1932.1687,1932'1690b~01,"Dura-Europos archival photograph, YUAG negative number 1932'1690b~01 -object-id-10718.jpg"
10720,small decorated bone disc,temple of azzanathkona,"Temple of Azzanathkona, Praetorium",,1932.1652,1932'1680~01,"Dura-Europos archival photograph, YUAG negative number 1932'1680~01 -object-id-10720.jpg"
3307,Plaster Voussoir,temple of azzanathkona,"Temple of Azzanathkona, Praetorium",,1938.5364,yale1484,"Dura-Europos archival photograph, YUAG negative number yale1484 -object-id-3307.jpg"
6668,"Depinto from e7w14, incomplete drawing",temple of azzanathkona,"Temple of Azzanathkona, Praetorium",,1932.1208,y133,"Dura-Europos archival photograph, YUAG negative number y133 -object-id-6668.jpg"
12695,Plaster Voussoir,temple of azzanathkona,"Temple of Azzanathkona, Praetorium",,1938.5366,yale1485,"Dura-Europos archival photograph, YUAG negative number yale1485 -object-id-12695.jpg"
11069,arrow head,temple of azzanathkona,"Temple of Azzanathkona, Praetorium (E7 outside West wall)",,1932.1519,1932'1520~01,"Dura-Europos archival photograph, YUAG negative number 1932'1520~01 -object-id-11069.jpg"
4495,ring,temple of azzanathkona,"Temple of Azzanathkona, Praetorium (E7 w11)",,1932.1529,1932'1529~02,"Dura-Europos archival photograph, YUAG negative number 1932'1529~02 -object-id-4495.jpg"
4068,reed arrow shaft,temple of azzanathkona,"Temple of Azzanathkona, Praetorium (E7 w13)",,1932.1684,1932'1685~01,"Dura-Europos archival photograph, YUAG negative number 1932'1685~01 -object-id-4068.tif"
11059,bone stud or button,temple of azzanathkona,"Temple of Azzanathkona, Praetorium (E7 w13)",,1932.1686,1932'1688~01,"Dura-Europos archival photograph, YUAG negative number 1932'1688~01 -object-id-11059.jpg"
14331,bottom of stone stud or button,temple of azzanathkona,"Temple of Azzanathkona, Praetorium (E7 W13)",,1932.1688,1932'1689~01,"Dura-Europos archival photograph, YUAG negative number 1932'1689~01 -object-id-14331.jpg"
11060,bone disc or button,temple of azzanathkona,"Temple of Azzanathkona, Praetorium (E7 W5)",,1932.1685,1932'1686~01,"Dura-Europos archival photograph, YUAG negative number 1932'1686~01 -object-id-11060.jpg"
10832,bronze clasp,temple of azzanathkona,"Temple of Azzanathkona, Praetorium (E7W)",,1932.158,1932'1593~01,"Dura-Europos archival photograph, YUAG negative number 1932'1593~01 -object-id-10832.jpg"
6346,View to W of praetorium area from e7,temple of azzanathkona,Temple of Azzanathkona; Praetorium,,,dura-e37~01,"Dura-Europos archival photograph, YUAG negative number dura-e37~01 -object-id-6346.tif"
12015,"View of e7 - praetorium area - from NW, before excavations",temple of azzanathkona,Temple of Azzanathkona; Praetorium,,,dura-e35~01,"Dura-Europos archival photograph, YUAG negative number dura-e35~01 -object-id-12015.jpg"
12146,"Mudbrick wall at e7 W, fortification/embankment? (or possibly rejoin (?) to circuit wall)",temple of azzanathkona,Temple of Azzanathkona; Praetorium,,,dura-e41~01,"Dura-Europos archival photograph, YUAG negative number dura-e41~01 -object-id-12146.jpg"
3110,e7 from SE,temple of azzanathkona,Temple of Azzanathkona; Praetorium,,,dura-e36~01,"Dura-Europos archival photograph, YUAG negative number dura-e36~01 -object-id-3110.jpg"
11953,commonware jug e709,temple of azzanathkona,Temple of Azzanathkona; Praetorium,,1932.129,y636,"Dura-Europos archival photograph, YUAG negative number y636 -object-id-11953 replaced.jpg"
14151,bronze ring,temple of azzanathkona,Temple of Azzanathkona; Praetorium (E7 w11),,1932.1521,1932'1529~01,"Dura-Europos archival photograph, YUAG negative number 1932'1529~01 -object-id-14151.jpg"
6814,Inscription (#561) of Septimius Severus,temple of azzanathkona,Temple of Azzanathkona/Praetorium,,,dura-e342~01,"Dura-Europos archival photograph, YUAG negative number dura-e342~01 -object-id-6814.tif"
8714,"Finger ring, bronze with carnelian",temple of azzanathkona,Temple of Azzanathkona/Praetorium,,1938.2341,dura-e355~01,"Dura-Europos archival photograph, YUAG negative number dura-e355~01 -object-id-8714.tif"
10590,"Painted inscription (#481b): ""Sator"" rebus",temple of azzanathkona,Temple of Azzanathkona/Praetorium,,,dura-e345~01,"Dura-Europos archival photograph, YUAG negative number dura-e345~01 -object-id-10590.tif"
13657,ink drawing,temple of azzanathkona,Temple of Azzanathkona/Praetorium,,,dam-33~01,"Dura-Europos archival photograph, YUAG negative number dam-33~01 -object-id-13657.tif"
11216,"Dura plan by Deigert: doorway in W wall of e7, w14, house d3-4",temple of azzanathkona,Temple of Azzanathkona/Praetorium,,,dura-fIV56~01,"Dura-Europos archival photograph, YUAG negative number dura-fIV56~01 -object-id-11216.jpg"
11945,bas relief of Azzanathkona,temple of azzanathkona,Temple of Azzanathkona/Praetorium,,,dam-26~01,"Dura-Europos archival photograph, YUAG negative number dam-26~01 -object-id-11945.jpg"
3223,bas relief of Azzanathkona,temple of azzanathkona,Temple of Azzanathkona/Praetorium,,,dam-26~01,"Dura-Europos archival photograph, YUAG negative number dam-26~01 -object-id-3223.jpg"
6412,Inscription (#561) of Septimius Severus,temple of azzanathkona,Temple of Azzanathkona/Praetorium,,,dura-e341~01,"Dura-Europos archival photograph, YUAG negative number dura-e341~01 -object-id-6412.jpg"
11211,inscription of Azzanathkona,temple of azzanathkona,Temple of Azzanathkona/Praetorium,,,dam-115~01,"Dura-Europos archival photograph, YUAG negative number dam-115~01 -object-id-11211.jpg"
13872,"Fortifications, break in circuit wall at e7 E side",temple of azzanathkona,Temple of Azzanathkona/Praetorium area,,,dura-e329~01,"Dura-Europos archival photograph, YUAG negative number dura-e329~01 -object-id-13872.jpg"
4620,Drawings of graffiti figures from e7 and n8?,temple of azzanathkona,Temple of Azzanathkona/Praetorium; Temple of Aphlad/Private Houses,,,dura-fII91~01,"Dura-Europos archival photograph, YUAG negative number dura-fII91~01 -object-id-4620.tif"
429,Plaster Voussoir,temple of azzanathkona,"Temple of Azzanathokna, Praetorium",,1938.537,yale1492,"Dura-Europos archival photograph, YUAG negative number yale1492 -object-id-429.tif"
255,"Inscription (Gradius), pronaos, Temple of Artemis",temple of azzanathkona,Temple of Artemis,,,dura-c146~01,"Dura-Europos archival photograph, YUAG negative number dura-c146~01 -object-id-255.tif"
2694,"Construction in front of rooms at west end of y, Temple of Artemis",temple of azzanathkona,Temple of Artemis,,,dura-c69~01,"Dura-Europos archival photograph, YUAG negative number dura-c69~01 -object-id-2694.tif"
2893,"Temple of Artemis, looking north along court, room r at right",temple of azzanathkona,Temple of Artemis,,,dura-c79~01,"Dura-Europos archival photograph, YUAG negative number dura-c79~01 -object-id-2893.tif"
3848,Iron Quarrel Head,temple of azzanathkona,Temple of Artemis,,1930.596.a-d,1930'619c~01,"Dura-Europos archival photograph, YUAG negative number 1930'619c~01 -object-id-3848.tif"
3953,Temple of Artemis (h4b) looking W across chapel porch,temple of azzanathkona,Temple of Artemis,,,dura-fIV60~01,"Dura-Europos archival photograph, YUAG negative number dura-fIV60~01 -object-id-3953.tif"
3955,"Inscriptions, pronaos, Temple of Artemis",temple of azzanathkona,Temple of Artemis,,,dura-c149~01,"Dura-Europos archival photograph, YUAG negative number dura-c149~01 -object-id-3955.tif"
4105,"Temple of Artemis, N side of court A",temple of azzanathkona,Temple of Artemis,,,dura-c17~01,"Dura-Europos archival photograph, YUAG negative number dura-c17~01 -object-id-4105.tif"
4527,Inscription (d149),temple of azzanathkona,Temple of Artemis,,,dura-c152~01,"Dura-Europos archival photograph, YUAG negative number dura-c152~01 -object-id-4527.tif"
9608,Mould for vase,temple of azzanathkona,Temple of Artemis,,,dura-d340~01,"Dura-Europos archival photograph, YUAG negative number dura-d340~01 -object-id-9608.tif"
11113,"Court, looking north from Boule H, Temple of Artemis",temple of azzanathkona,Temple of Artemis,,,dura-c54~01,"Dura-Europos archival photograph, YUAG negative number dura-c54~01 -object-id-11113.tif"
11976,"Temple of Artemis, Court A looking across chapel of Aphrodite",temple of azzanathkona,Temple of Artemis,,,dura-c10~01,"Dura-Europos archival photograph, YUAG negative number dura-c10~01 -object-id-11976.tif"
12114,"Stela with emblem of Hadad, court by doorway to Room T, Temple of Artemis",temple of azzanathkona,Temple of Artemis,,,dura-c20~01,"Dura-Europos archival photograph, YUAG negative number dura-c20~01 -object-id-12114.tif"
12157,Silver Head,temple of azzanathkona,Temple of Artemis,,1938.3488,1938'4221~01,"Dura-Europos archival photograph, YUAG negative number 1938'4221~01 -object-id-12157.tif"
13173,Painted Pottery Fragment,temple of azzanathkona,Temple of Artemis,,1929.308,1929'470a~01,"Dura-Europos archival photograph, YUAG negative number 1929'470a~01 -object-id-13173.tif"
14294,Stone Stele,temple of azzanathkona,Temple of Artemis,,"1930.319, 1938.5343",yale1501,"Dura-Europos archival photograph, YUAG negative number yale1501 -object-id-14294.tif"
14325,Iron Quarrel Head,temple of azzanathkona,Temple of Artemis,,1929.465,1930'619a~01,"Dura-Europos archival photograph, YUAG negative number 1930'619a~01 -object-id-14325.tif"
26,Thymaterion from Temple of Artemis: 1) found by Cumont; 2) found NE angle vest. A,temple of azzanathkona,Temple of Artemis,,,dura-c33~01,"Dura-Europos archival photograph, YUAG negative number dura-c33~01 -object-id-26.jpg"
495,"Court, southern part looking west, Temple of Artemis",temple of azzanathkona,Temple of Artemis,,,dura-c56~01,"Dura-Europos archival photograph, YUAG negative number dura-c56~01 -object-id-495.jpg"
681,"Inscriptions, pronaos, Temple of Artemis",temple of azzanathkona,Temple of Artemis,,,dura-c147~01,"Dura-Europos archival photograph, YUAG negative number dura-c147~01 -object-id-681.tif"
684,plan of Temple of Artemis,temple of azzanathkona,Temple of Artemis,,,dura-g1194a~01,"Dura-Europos archival photograph, YUAG negative number dura-g1194a~01 -object-id-684.jpg"
1069,"Temple of Artemis: Temple of Aphrodite, B. detail of south jamb of niche.",temple of azzanathkona,Temple of Artemis,,,h311b,"Dura-Europos archival photograph, YUAG negative number h311b -object-id-1069.jpg"
1196,Temple of Artemis: capitol from Hellenistic phase,temple of azzanathkona,Temple of Artemis,,,i37a,"Dura-Europos archival photograph, YUAG negative number i37a -object-id-1196.tif"
1197,Temple of Artemis looking east from niche,temple of azzanathkona,Temple of Artemis,,,dura-fIV66~01,"Dura-Europos archival photograph, YUAG negative number dura-fIV66~01 -object-id-1197.jpg"
1219,"Inscriptions from naos, Temple of Artemis",temple of azzanathkona,Temple of Artemis,,,dura-c145~01,"Dura-Europos archival photograph, YUAG negative number dura-c145~01 -object-id-1219.tif"
1220,"Temple of Artemis, removal of debris",temple of azzanathkona,Temple of Artemis,,,dura-c2~01,"Dura-Europos archival photograph, YUAG negative number dura-c2~01 -object-id-1220.jpg"
1221,"Inscription (d162), Temple of Artemis",temple of azzanathkona,Temple of Artemis,,,dura-c62~01,"Dura-Europos archival photograph, YUAG negative number dura-c62~01 -object-id-1221.jpg"
1272,"Temple of Artemis, north porch before digging",temple of azzanathkona,Temple of Artemis,,,dura-fe7~01,"Dura-Europos archival photograph, YUAG negative number dura-fe7~01 -object-id-1272.jpg"
1274,"Fallen door from NW annex, Temple of Artemis",temple of azzanathkona,Temple of Artemis,,,dura-c41~01,"Dura-Europos archival photograph, YUAG negative number dura-c41~01 -object-id-1274.jpg"
1275,"Deeply incised inscription from Temple of Artemis, detail",temple of azzanathkona,Temple of Artemis,,,dura-fII99~01,"Dura-Europos archival photograph, YUAG negative number dura-fII99~01 -object-id-1275.jpg"
1326,Silver head from Temple of Artemis,temple of azzanathkona,Temple of Artemis,,,dura-c75~01,"Dura-Europos archival photograph, YUAG negative number dura-c75~01 -object-id-1326.jpg"
1505,Relief from Temple of Artemis,temple of azzanathkona,Temple of Artemis,,,dura-fIII12~01,"Dura-Europos archival photograph, YUAG negative number dura-fIII12~01 -object-id-1505.jpg"
1506,"Inscriptions, pronaos, Temple of Artemis",temple of azzanathkona,Temple of Artemis,,,dura-c148~01,"Dura-Europos archival photograph, YUAG negative number dura-c148~01 -object-id-1506.tif"
1753,"Temple of Artemis, flooded, as seen from Boule H",temple of azzanathkona,Temple of Artemis,,,dura-c27~01,"Dura-Europos archival photograph, YUAG negative number dura-c27~01 -object-id-1753.jpg"
2017,"Court, monumental altar (?), Temple of Artemis",temple of azzanathkona,Temple of Artemis,,,dura-c70~01,"Dura-Europos archival photograph, YUAG negative number dura-c70~01 -object-id-2017.jpg"
2456,Frag. of column drum from Hellenistic stage,temple of azzanathkona,Temple of Artemis,,,k42a,"Dura-Europos archival photograph, YUAG negative number k42a -object-id-2456.tif"
2659,"Boule H, Temple of Artemis",temple of azzanathkona,Temple of Artemis,,,dura-c173~01,"Dura-Europos archival photograph, YUAG negative number dura-c173~01 -object-id-2659.jpg"
3215,Stone Bust,temple of azzanathkona,Temple of Artemis,,1930.318,yale1474,"Dura-Europos archival photograph, YUAG negative number yale1474 -object-id-3215.jpg"
3780,"Temple of Artemis, part of Boule H in background",temple of azzanathkona,Temple of Artemis,,,dura-c12~01,"Dura-Europos archival photograph, YUAG negative number dura-c12~01 -object-id-3780.jpg"
3838,Temple of Artemis: H4 d - looking south from alter to south wall with column,temple of azzanathkona,Temple of Artemis,,,h316b,"Dura-Europos archival photograph, YUAG negative number h316b -object-id-3838.jpg"
3977,"Inscription of Seleucus Nicator (#15T), NW Room Q, Temple of Artemis",temple of azzanathkona,Temple of Artemis,,,dura-c23~01,"Dura-Europos archival photograph, YUAG negative number dura-c23~01 -object-id-3977.jpg"
5172,Two Fragments of Sculpture,temple of azzanathkona,Temple of Artemis,,1933.304,yale1453,"Dura-Europos archival photograph, YUAG negative number yale1453 -object-id-5172.jpg"
5174,"Drawing, graffito from h4, room t: Hadad",temple of azzanathkona,Temple of Artemis,,1931.6,y474,"Dura-Europos archival photograph, YUAG negative number y474 -object-id-5174.jpg"
5178,Fragment of Sculpture,temple of azzanathkona,Temple of Artemis,,1938.5321,yale1452,"Dura-Europos archival photograph, YUAG negative number yale1452 -object-id-5178.tif"
5582,"Southern part of court of Temple of Artemis, looking west toward m",temple of azzanathkona,Temple of Artemis,,,dura-c181~01,"Dura-Europos archival photograph, YUAG negative number dura-c181~01 -object-id-5582.jpg"
5652,"Altar in outside corner of room Z, Temple of Artemis",temple of azzanathkona,Temple of Artemis,,,dura-c58~01,"Dura-Europos archival photograph, YUAG negative number dura-c58~01 -object-id-5652.jpg"
7520,"Ivory statuette, Room C, Temple of Artemis",temple of azzanathkona,Temple of Artemis,,,dura-c40~01,"Dura-Europos archival photograph, YUAG negative number dura-c40~01 -object-id-7520.jpg"
8797,"Temple of Artemis, removal of debris",temple of azzanathkona,Temple of Artemis,,,dura-c1~01,"Dura-Europos archival photograph, YUAG negative number dura-c1~01 -object-id-8797.jpg"
8799,"Temple of Artemis, north porch, large altar",temple of azzanathkona,Temple of Artemis,,,dura-fIV65~01,"Dura-Europos archival photograph, YUAG negative number dura-fIV65~01 -object-id-8799.jpg"
8846,"Temple of Artemis, north porch before digging",temple of azzanathkona,Temple of Artemis,,,dura-fe5~01,"Dura-Europos archival photograph, YUAG negative number dura-fe5~01 -object-id-8846.jpg"
8849,"Entrance to sanctuary, Temple of Artemis",temple of azzanathkona,Temple of Artemis,,,dura-c73~01,"Dura-Europos archival photograph, YUAG negative number dura-c73~01 -object-id-8849.jpg"
8853,"Bust of woman, Temple of Artemis",temple of azzanathkona,Temple of Artemis,,,dura-c52~01,"Dura-Europos archival photograph, YUAG negative number dura-c52~01 -object-id-8853.jpg"
8952,"Temple of Artemis, Boule H",temple of azzanathkona,Temple of Artemis,,,dura-c34~01,"Dura-Europos archival photograph, YUAG negative number dura-c34~01 -object-id-8952.jpg"
11146,"Fragment of fallen vault or arch, Room U, Temple of Artemis",temple of azzanathkona,Temple of Artemis,,,dura-c57~01,"Dura-Europos archival photograph, YUAG negative number dura-c57~01 -object-id-11146.jpg"
12103,"Court a, rooms t and u at right, d at left, Temple of Artemis",temple of azzanathkona,Temple of Artemis,,,dura-c78~01,"Dura-Europos archival photograph, YUAG negative number dura-c78~01 -object-id-12103.jpg"
13732,"Inscribed steps, Room NW of C1, originally from pronaos C, Temple of Artemis",temple of azzanathkona,Temple of Artemis,,,dura-c25~01,"Dura-Europos archival photograph, YUAG negative number dura-c25~01 -object-id-13732.jpg"
14273,Sepulchral stele from h4-b,temple of azzanathkona,Temple of Artemis,,,y723,"Dura-Europos archival photograph, YUAG negative number y723 -object-id-14273.jpg"
14472,"Latin stela from Temple of Artemis, after repairs",temple of azzanathkona,Temple of Artemis,,,y220,"Dura-Europos archival photograph, YUAG negative number y220 -object-id-14472.jpg"
617,Temple of Artemis before digging; Aphrodite chapel b,temple of azzanathkona,Temple of Artemis,,,dura-fe3~01,"Dura-Europos archival photograph, YUAG negative number dura-fe3~01 -object-id-617.jpg"
618,Temple of Artemis (h4d) before excavation?,temple of azzanathkona,Temple of Artemis,,,dura-fIV62~01,"Dura-Europos archival photograph, YUAG negative number dura-fIV62~01 -object-id-618.jpg"
2308,"Drawing, graffito from h4, room u (copy): nude goddess",temple of azzanathkona,Temple of Artemis,,,y473,"Dura-Europos archival photograph, YUAG negative number y473 -object-id-2308.jpg"
2462,Early column fragment re-used in sanctuary,temple of azzanathkona,Temple of Artemis,,,dura-fIV38~01,"Dura-Europos archival photograph, YUAG negative number dura-fIV38~01 -object-id-2462 replaced.jpg"
3221,Lower Half of Statuette of Draped Figure,temple of azzanathkona,Temple of Artemis,,1933.303,1933'304~01,"Dura-Europos archival photograph, YUAG negative number 1933'304~01 -object-id-3221.jpg"
3975,Temple of Artemis looking west across court to sanctuary,temple of azzanathkona,Temple of Artemis,,,dura-c176~01,"Dura-Europos archival photograph, YUAG negative number dura-c176~01 -object-id-3975.jpg"
4553,Plan. H4. T. Artemis,temple of azzanathkona,Temple of Artemis,,,dura-h106a~01,"Dura-Europos archival photograph, YUAG negative number dura-h106a~01 -object-id-4553.jpg"
7690,Temple of Artemis: niche (south jamb? h4 - 13),temple of azzanathkona,Temple of Artemis,,,h307b,"Dura-Europos archival photograph, YUAG negative number h307b -object-id-7690.jpg"
8802,"Pronaos C under flood, Temple of Artemis",temple of azzanathkona,Temple of Artemis,,,dura-c29~01,"Dura-Europos archival photograph, YUAG negative number dura-c29~01 -object-id-8802.jpg"
8951,"Altar beside naos, Temple of Artemis, Area D",temple of azzanathkona,Temple of Artemis,,,h30a,"Dura-Europos archival photograph, YUAG negative number h30a -object-id-8951.jpg"
9219,"Room s with benches, looking east, Temple of Artemis",temple of azzanathkona,Temple of Artemis,,,dura-c72~01,"Dura-Europos archival photograph, YUAG negative number dura-c72~01 -object-id-9219.jpg"
11067,Mould for vase,temple of azzanathkona,Temple of Artemis,,,dura-d341~01,"Dura-Europos archival photograph, YUAG negative number dura-d341~01 -object-id-11067 replaced.jpg"
12005,Iron Quarrel Head,temple of azzanathkona,Temple of Artemis,,1934.446,1930'619b~01,"Dura-Europos archival photograph, YUAG negative number 1930'619b~01 -object-id-12005.jpg"
14258,Stone Bust,temple of azzanathkona,Temple of Artemis,,1930.32,yale1475,"Dura-Europos archival photograph, YUAG negative number yale1475 -object-id-14258 replaced.jpg"
13887,Latin Sepulchral Stele,temple of azzanathkona,Temple of Artemis - Nanaia,,1938.4846,1938'5356~01,"Dura-Europos archival photograph, YUAG negative number 1938'5356~01 -object-id-13887.jpg"
169,stone inscription: L - part of d161; R - part of d148,temple of azzanathkona,Temple of Artemis (d161); Temple of Atargatis near salle aux gradiens (d148),,,dam-176~01,"Dura-Europos archival photograph, YUAG negative number dam-176~01 -object-id-169.jpg"
2458,Graffito of Bouleutes (#344) from Boule,temple of azzanathkona,"Temple of Artemis, Boule",,,dura-d220~01,"Dura-Europos archival photograph, YUAG negative number dura-d220~01 -object-id-2458 replaced.jpg"
14246,Graffito of Bouleutes (#343) from Boule,temple of azzanathkona,"Temple of Artemis, Boule",,,dura-d221~01,"Dura-Europos archival photograph, YUAG negative number dura-d221~01 -object-id-14246.jpg"
8845,View of area of Temple of Artemis?,temple of azzanathkona,Temple of Artemis?,,,dura-fIV61~01,"Dura-Europos archival photograph, YUAG negative number dura-fIV61~01 -object-id-8845.jpg"
11141,Temple of Artemis?,temple of azzanathkona,Temple of Artemis?,,,dura-fIV44~01,"Dura-Europos archival photograph, YUAG negative number dura-fIV44~01 -object-id-11141.jpg"
2778,"Drawing, graffito from Temple of Bel (copy by Pillet): Parthian warior",temple of bel,Temple of Bel/Palmyrene Gods,,,y492,"Dura-Europos archival photograph, YUAG negative number y492 -object-id-2778.tif"
3061,General view of Temple of Bel looking west,temple of bel,Temple of Bel/Palmyrene Gods,,,dura-d380~01,"Dura-Europos archival photograph, YUAG negative number dura-d380~01 -object-id-3061.tif"
3756,J3/5-Temple of Bel + NW angle,temple of bel,Temple of Bel/Palmyrene Gods,,,k341a,"Dura-Europos archival photograph, YUAG negative number k341a -object-id-3756.tif"
3843,"Temple of Bel, court looking north toward aedicula and room F, part of embankments at right",temple of bel,Temple of Bel/Palmyrene Gods,,,dura-b200~01,"Dura-Europos archival photograph, YUAG negative number dura-b200~01 -object-id-3843.tif"
4065,"Temple of Bel j5, w - NW angle, stairway by Tower 1, bottom steps",temple of bel,Temple of Bel/Palmyrene Gods,,,dura-fb25~01,"Dura-Europos archival photograph, YUAG negative number dura-fb25~01 -object-id-4065.tif"
4164,Sacrifice of Julius Terentius,temple of bel,Temple of Bel/Palmyrene Gods,,1931.386,y331,"Dura-Europos archival photograph, YUAG negative number y331 -object-id-4164.tif"
4531,"Sacrifice of Julius Terentius, copy by L. North",temple of bel,Temple of Bel/Palmyrene Gods,,1931.386,y334,"Dura-Europos archival photograph, YUAG negative number y334 -object-id-4531.tif"
6215,"Temple of Bel, pronaos columns at left, looking n. toward aedicula",temple of bel,Temple of Bel/Palmyrene Gods,,,dura-b50~01,"Dura-Europos archival photograph, YUAG negative number dura-b50~01 -object-id-6215.tif"
7305,Discovery of Iarhibol altar in Temple of Bel at entrance of Tower 1,temple of bel,Temple of Bel/Palmyrene Gods,,,dura-b54~01,"Dura-Europos archival photograph, YUAG negative number dura-b54~01 -object-id-7305.tif"
9279,"Altar to Zeus Baetylas from Temple of Bel, inscription #168",temple of bel,Temple of Bel/Palmyrene Gods,,,dura-d174~01,"Dura-Europos archival photograph, YUAG negative number dura-d174~01 -object-id-9279.tif"
10149,"Temple of Bel j5, w - NW angle, stair by Tower 1, foot of stair",temple of bel,Temple of Bel/Palmyrene Gods,,,dura-fb64~01,"Dura-Europos archival photograph, YUAG negative number dura-fb64~01 -object-id-10149.tif"
10150,"Temple of Bel j5, w - NW angle, stairs by Tower 1, 3rd support arch",temple of bel,Temple of Bel/Palmyrene Gods,,,dura-fb36~01,"Dura-Europos archival photograph, YUAG negative number dura-fb36~01 -object-id-10150.tif"
11209,Sacrifice of Julius Terentius,temple of bel,Temple of Bel/Palmyrene Gods,,1931.386,y332,"Dura-Europos archival photograph, YUAG negative number y332 -object-id-11209.tif"
11608,Sacrifice of Julius Terentius,temple of bel,Temple of Bel/Palmyrene Gods,,1935.45,z142,"Dura-Europos archival photograph, YUAG negative number z142 -object-id-11608.tif"
12115,"J3/5-Temple of Bel, central court and altars, looking NE from Tower 1",temple of bel,Temple of Bel/Palmyrene Gods,,,k343a,"Dura-Europos archival photograph, YUAG negative number k343a -object-id-12115.tif"
13106,"Temple of Bel, plans of 3 periods and isometric reconstruction of final period by Pearson",temple of bel,Temple of Bel/Palmyrene Gods,,,y576,"Dura-Europos archival photograph, YUAG negative number y576 -object-id-13106.tif"
13650,"Temple of Bel j5, w - NW angle, stair by Tower 1, stairs over 3rd arch",temple of bel,Temple of Bel/Palmyrene Gods,,,dura-fb1~01,"Dura-Europos archival photograph, YUAG negative number dura-fb1~01 -object-id-13650.tif"
14218,"Temple of Bel j5, w - NW angle, stair by Tower 1, support arches 3 and 4",temple of bel,Temple of Bel/Palmyrene Gods,,,dura-fb60~01,"Dura-Europos archival photograph, YUAG negative number dura-fb60~01 -object-id-14218.tif"
14261,"Temple of Bel j5, w - NW angle, stair by Tower 1, 4th arch support",temple of bel,Temple of Bel/Palmyrene Gods,,,dura-fb13~01,"Dura-Europos archival photograph, YUAG negative number dura-fb13~01 -object-id-14261.tif"
14267,"Temple of Bel, entrance to promaos and altar at side",temple of bel,Temple of Bel/Palmyrene Gods,,,dura-b184~01,"Dura-Europos archival photograph, YUAG negative number dura-b184~01 -object-id-14267.tif"
14350,Inscription from Bel Temple (tower 1) and hammered drawing,temple of bel,Temple of Bel/Palmyrene Gods,,,y503,"Dura-Europos archival photograph, YUAG negative number y503 -object-id-14350.tif"
14427,"Temple of Bel j5, w - NW angle, stair by Tower 1, steps over 3rd arch",temple of bel,Temple of Bel/Palmyrene Gods,,,dura-fb14~01,"Dura-Europos archival photograph, YUAG negative number dura-fb14~01 -object-id-14427.tif"
14628,"J3/5-Temple of Bel, looking west from entrance Q",temple of bel,Temple of Bel/Palmyrene Gods,,,k342a,"Dura-Europos archival photograph, YUAG negative number k342a -object-id-14628.tif"
232,"Fortifications - NWW angle, Buttress of city wall in room ND; T. of Bel",temple of bel,Temple of Bel/Palmyrene Gods,,,k59a,"Dura-Europos archival photograph, YUAG negative number k59a -object-id-232.jpg"
496,"Temple of Bel, looking NE from pronaos doorway",temple of bel,Temple of Bel/Palmyrene Gods,,,dura-b51~01,"Dura-Europos archival photograph, YUAG negative number dura-b51~01 -object-id-496.jpg"
678,"Temple of Bel, painting frags.",temple of bel,Temple of Bel/Palmyrene Gods,,,i224a,"Dura-Europos archival photograph, YUAG negative number i224a -object-id-678.jpg"
1213,Plan of Temple of Bel,temple of bel,Temple of Bel/Palmyrene Gods,,,dura-e8~01,"Dura-Europos archival photograph, YUAG negative number dura-e8~01 -object-id-1213.tif"
1215,"Temple of Bel, Tower entrance and Iarhibol altar",temple of bel,Temple of Bel/Palmyrene Gods,,,dura-b55~01,"Dura-Europos archival photograph, YUAG negative number dura-b55~01 -object-id-1215.jpg"
1224,"Bel Temple, court",temple of bel,Temple of Bel/Palmyrene Gods,,,y695e,"Dura-Europos archival photograph, YUAG negative number y695e -object-id-1224.jpg"
2695,"J3/5-Temple of Bel, Northern part looking West from Tower 2",temple of bel,Temple of Bel/Palmyrene Gods,,,k344a,"Dura-Europos archival photograph, YUAG negative number k344a -object-id-2695.jpg"
2839,"frag. of frescoe, West wall",temple of bel,Temple of Bel/Palmyrene Gods,,,i268a,"Dura-Europos archival photograph, YUAG negative number i268a -object-id-2839.jpg"
2932,"j3/5, Temple of Bel: jewelry worn by Bithnanaia, revised sketch by Lois North",temple of bel,Temple of Bel/Palmyrene Gods,,,y34,"Dura-Europos archival photograph, YUAG negative number y34 -object-id-2932.jpg"
3021,Temple of Bel frag. of wall painting,temple of bel,Temple of Bel/Palmyrene Gods,,,i183a,"Dura-Europos archival photograph, YUAG negative number i183a -object-id-3021.tif"
3614,"Temple of Bel, const. looking west with entrance to Tower 1 and to pronaos",temple of bel,Temple of Bel/Palmyrene Gods,,,dura-b206~01,"Dura-Europos archival photograph, YUAG negative number dura-b206~01 -object-id-3614.jpg"
3818,Temple of Bel - Sacrifice of Julius Terentius,temple of bel,Temple of Bel/Palmyrene Gods,,"1935.97, 1935.98, 1935.100",dura-ds30~01,"Dura-Europos archival photograph, YUAG negative number dura-ds30~01 -object-id-3818.jpg"
4090,"Temple of Bel j5, w - NW angle, stair by Tower 1, foot of stair",temple of bel,Temple of Bel/Palmyrene Gods,,,dura-fb92~01,"Dura-Europos archival photograph, YUAG negative number dura-fb92~01 -object-id-4090.jpg"
4179,"Sacrifice of Julius terentius, after repairs at Yale",temple of bel,Temple of Bel/Palmyrene Gods,,,y327,"Dura-Europos archival photograph, YUAG negative number y327 -object-id-4179.jpg"
4357,Bel temple from top of tower showing rooms along south side,temple of bel,Temple of Bel/Palmyrene Gods,,,dura-b191~01,"Dura-Europos archival photograph, YUAG negative number dura-b191~01 -object-id-4357.jpg"
4391,wall painting of Conon from Temple of Bel naos,temple of bel,Temple of Bel/Palmyrene Gods,,,dam-157~01,"Dura-Europos archival photograph, YUAG negative number dam-157~01 -object-id-4391.jpg"
4631,"Fresco from pronaos, north wall, Temple of Bel: The tribune",temple of bel,Temple of Bel/Palmyrene Gods,,,dura-d287~01,"Dura-Europos archival photograph, YUAG negative number dura-d287~01 -object-id-4631.jpg"
4632,"Fresco, Temple of Bel naos, south wall, head of Conon",temple of bel,Temple of Bel/Palmyrene Gods,,,dura-d273~01,"Dura-Europos archival photograph, YUAG negative number dura-d273~01 -object-id-4632.tif"
4633,"Fresco, Temple of Bel naos, south wall, Conon and first priest",temple of bel,Temple of Bel/Palmyrene Gods,,,dura-d271~01,"Dura-Europos archival photograph, YUAG negative number dura-d271~01 -object-id-4633.jpg"
4796,Conon Scene,temple of bel,Temple of Bel/Palmyrene Gods,,1929.288a,y338,"Dura-Europos archival photograph, YUAG negative number y338 -object-id-4796.jpg"
7615,"Temple of Bel, plan",temple of bel,Temple of Bel/Palmyrene Gods,,1931.392,y25,"Dura-Europos archival photograph, YUAG negative number y25 -object-id-7615.jpg"
8852,Inscribed altar from Temple of Bel,temple of bel,Temple of Bel/Palmyrene Gods,,1929.385,y236,"Dura-Europos archival photograph, YUAG negative number y236 -object-id-8852.jpg"
10223,"Temple of Bel j5, w - NW angle, city wall from east, Tower 1 at right",temple of bel,Temple of Bel/Palmyrene Gods,,,dura-fb33~01,"Dura-Europos archival photograph, YUAG negative number dura-fb33~01 -object-id-10223.jpg"
14351,"Temple of Bel, entrance Q looking west across court",temple of bel,Temple of Bel/Palmyrene Gods,,,dura-b197~01,"Dura-Europos archival photograph, YUAG negative number dura-b197~01 -object-id-14351.jpg"
11075,Plan of Temple of Bel,temple of bel,Temple of Bel/Palmyrene Gods,,,dura-e7~01,"Dura-Europos archival photograph, YUAG negative number dura-e7~01 -object-id-11075.jpg"
11101,"wall painting of priest from Temple of Bel, doorway between naos and pronaos",temple of bel,Temple of Bel/Palmyrene Gods,,,dam-156~01,"Dura-Europos archival photograph, YUAG negative number dam-156~01 -object-id-11101.jpg"
11102,"fragment of painting from Temple of Bel pronaos, S wall, fragment of dress and L hand of sacrificant to L",temple of bel,Temple of Bel/Palmyrene Gods,,,dam-155~01,"Dura-Europos archival photograph, YUAG negative number dam-155~01 -object-id-11102.jpg"
11103,"fragmentary painting from Temple of Bel pronaos, N wall, bottom, central part",temple of bel,Temple of Bel/Palmyrene Gods,,,dam-154~01,"Dura-Europos archival photograph, YUAG negative number dam-154~01 -object-id-11103.jpg"
11104,"fragment of painting from Temple of Bel pronaos, N wall, nolded base and foot of 2nd figure from L",temple of bel,Temple of Bel/Palmyrene Gods,,,dam-153~01,"Dura-Europos archival photograph, YUAG negative number dam-153~01 -object-id-11104.jpg"
11105,"fragment of painting from Temple of Bel - pronaos, N wall, legs of L figure and part of thymiaterion",temple of bel,Temple of Bel/Palmyrene Gods,,,dam-152~01,"Dura-Europos archival photograph, YUAG negative number dam-152~01 -object-id-11105.jpg"
11106,"fragment of painting from Temple of Bel pronaos, N wall, lower left preserved corner, molded base, foot, thymiaterion",temple of bel,Temple of Bel/Palmyrene Gods,,,dam-151~01,"Dura-Europos archival photograph, YUAG negative number dam-151~01 -object-id-11106.jpg"
11107,"fragment of painting from Temple of Bel pronaos, N wall, bottom, fragment from lower R corner: foot, thymiaterion, column",temple of bel,Temple of Bel/Palmyrene Gods,,,dam-150~01,"Dura-Europos archival photograph, YUAG negative number dam-150~01 -object-id-11107.jpg"
12006,"Temple of Bel - Pronaos A, e. wall, n. end, mythological scene (?)",temple of bel,Temple of Bel/Palmyrene Gods,,,y341,"Dura-Europos archival photograph, YUAG negative number y341 -object-id-12006.jpg"
12008,"Temple of Bel - Pronaos, s. wall, part of painting",temple of bel,Temple of Bel/Palmyrene Gods,,,y339,"Dura-Europos archival photograph, YUAG negative number y339 -object-id-12008.jpg"
12697,Sacrifice of Julius Terentius,temple of bel,Temple of Bel/Palmyrene Gods,,1931.386,y330,"Dura-Europos archival photograph, YUAG negative number y330 -object-id-12697.jpg"
12698,Sacrifice of Julius Terentius,temple of bel,Temple of Bel/Palmyrene Gods,,1931.386,y333,"Dura-Europos archival photograph, YUAG negative number y333 -object-id-12698.jpg"
13591,"Temple of Bel, s. wall of Room K abutting against tower 1",temple of bel,Temple of Bel/Palmyrene Gods,,,dura-b53~01,"Dura-Europos archival photograph, YUAG negative number dura-b53~01 -object-id-13591.jpg"
13592,"Temple of Bel, n. wall of Room K abutting against Tower 1",temple of bel,Temple of Bel/Palmyrene Gods,,,dura-b52~01,"Dura-Europos archival photograph, YUAG negative number dura-b52~01 -object-id-13592.jpg"
13762,"Tower of Temple of Bel, name Heliodoros on wall",temple of bel,Temple of Bel/Palmyrene Gods,,,dura-b187~01,"Dura-Europos archival photograph, YUAG negative number dura-b187~01 -object-id-13762.jpg"
13764,"Temple of Bel, court and crude brick wall (part of embankment), looking south toward rooms M and K from F",temple of bel,Temple of Bel/Palmyrene Gods,,,dura-b183~01,"Dura-Europos archival photograph, YUAG negative number dura-b183~01 -object-id-13764.jpg"
13769,"Temple of Bel, crude brick wall (part of embankment?) with altar in foreground and jamb of room A in background",temple of bel,Temple of Bel/Palmyrene Gods,,,dura-b179~01,"Dura-Europos archival photograph, YUAG negative number dura-b179~01 -object-id-13769.jpg"
14260,"Temple of Bel j5, w - NW angle, stairway by Tower 1, 3rd support arch",temple of bel,Temple of Bel/Palmyrene Gods,,,dura-fb35~01,"Dura-Europos archival photograph, YUAG negative number dura-fb35~01 -object-id-14260.jpg"
14263,"Temple of Bel j5, w - NW angle, stairs by Tower 1, 4th support arch",temple of bel,Temple of Bel/Palmyrene Gods,,,dura-fb12~01,"Dura-Europos archival photograph, YUAG negative number dura-fb12~01 -object-id-14263.jpg"
14526,"Fresco from pronaos, west wall to right of doorway to naos, Temple of Bel",temple of bel,Temple of Bel/Palmyrene Gods,,,dura-d297~01,"Dura-Europos archival photograph, YUAG negative number dura-d297~01 -object-id-14526.jpg"
14527,"Fresco from naos, west wall, Temple of Bel",temple of bel,Temple of Bel/Palmyrene Gods,,,dura-d296~01,"Dura-Europos archival photograph, YUAG negative number dura-d296~01 -object-id-14527.jpg"
14528,"Fresco from pronaos, south wall, part, Temple of Bel",temple of bel,Temple of Bel/Palmyrene Gods,,,dura-d295~01,"Dura-Europos archival photograph, YUAG negative number dura-d295~01 -object-id-14528.jpg"
14529,"Fresco from pronaos, south wall, part, Temple of Bel",temple of bel,Temple of Bel/Palmyrene Gods,,,dura-d294~01,"Dura-Europos archival photograph, YUAG negative number dura-d294~01 -object-id-14529.jpg"
14531,"Fresco from pronoas, south wall, part, Temple of Bel",temple of bel,Temple of Bel/Palmyrene Gods,,,dura-d292~01,"Dura-Europos archival photograph, YUAG negative number dura-d292~01 -object-id-14531.jpg"
14532,"Fresco from pronaos, east wall, Temple of Bel",temple of bel,Temple of Bel/Palmyrene Gods,,,dura-d290~01,"Dura-Europos archival photograph, YUAG negative number dura-d290~01 -object-id-14532.jpg"
14533,"Fresco from pronaos, north wall, part to left of tribune scene, Temple of Bel",temple of bel,Temple of Bel/Palmyrene Gods,,,dura-d289~01,"Dura-Europos archival photograph, YUAG negative number dura-d289~01 -object-id-14533.jpg"
14534,"Fresco from pronaos, north wall, Temple of Bel: The tribune, detail",temple of bel,Temple of Bel/Palmyrene Gods,,,dura-d288~01,"Dura-Europos archival photograph, YUAG negative number dura-d288~01 -object-id-14534.jpg"
14535,"Fresco from pronaos, north wall, Temple of Bel: The tribune",temple of bel,Temple of Bel/Palmyrene Gods,,,dura-d286~01,"Dura-Europos archival photograph, YUAG negative number dura-d286~01 -object-id-14535.jpg"
14538,"Fresco from naos, S wall, Temple of Bel: 2 children at lower right",temple of bel,Temple of Bel/Palmyrene Gods,,,dura-d279~01,"Dura-Europos archival photograph, YUAG negative number dura-d279~01 -object-id-14538.jpg"
14539,"Fresco from naos, S wall, Temple of Bel: Bethnannaia and 4 sons of Conon",temple of bel,Temple of Bel/Palmyrene Gods,,,dura-d277~01,"Dura-Europos archival photograph, YUAG negative number dura-d277~01 -object-id-14539.jpg"
14540,"Fresco from noas, S wall, Temple of Bel: head of Bethnannaia",temple of bel,Temple of Bel/Palmyrene Gods,,,dura-d276~01,"Dura-Europos archival photograph, YUAG negative number dura-d276~01 -object-id-14540.jpg"
14541,"Fresco, Temple of Bel naos, south wall, two priests and Bethnannaia",temple of bel,Temple of Bel/Palmyrene Gods,,,dura-d275~01,"Dura-Europos archival photograph, YUAG negative number dura-d275~01 -object-id-14541.jpg"
14542,"Fresco, Temple of Bel naos, south wall, head of first priest",temple of bel,Temple of Bel/Palmyrene Gods,,,dura-d274~01,"Dura-Europos archival photograph, YUAG negative number dura-d274~01 -object-id-14542.jpg"
14543,"Fresco, Temple of Bel naos, south wall, head of 2nd priest",temple of bel,Temple of Bel/Palmyrene Gods,,,dura-d272~01,"Dura-Europos archival photograph, YUAG negative number dura-d272~01 -object-id-14543.jpg"
14544,"Fresco, Temple of Bel naos b, south wall",temple of bel,Temple of Bel/Palmyrene Gods,,,dura-d270b~01,"Dura-Europos archival photograph, YUAG negative number dura-d270b~01 -object-id-14544.jpg"
14545,"Fresco, Temple of Bel naos b, south wall",temple of bel,Temple of Bel/Palmyrene Gods,,,dura-d270a~01,"Dura-Europos archival photograph, YUAG negative number dura-d270a~01 -object-id-14545.jpg"
14547,Protecting wall in front of frescoes,temple of bel,Temple of Bel/Palmyrene Gods,,,dura-d269~01,"Dura-Europos archival photograph, YUAG negative number dura-d269~01 -object-id-14547.jpg"
14549,Wall in front of frescoes,temple of bel,Temple of Bel/Palmyrene Gods,,,dura-d267~01,"Dura-Europos archival photograph, YUAG negative number dura-d267~01 -object-id-14549.jpg"
14550,Wall in front of frescoes,temple of bel,Temple of Bel/Palmyrene Gods,,,dura-d266~01,"Dura-Europos archival photograph, YUAG negative number dura-d266~01 -object-id-14550.jpg"
14551,Protecting wall in from of large frescoes,temple of bel,Temple of Bel/Palmyrene Gods,,,dura-d265~01,"Dura-Europos archival photograph, YUAG negative number dura-d265~01 -object-id-14551.jpg"
198,Earthquake Inscription,temple of bel,Temple of Bel/Palmyrene Gods,,1929.384,dura-b131~01,"Dura-Europos archival photograph, YUAG negative number dura-b131~01 -object-id-198.jpg"
3782,Sacrifice of Julius Terentius,temple of bel,Temple of Bel/Palmyrene Gods,,,z95,"Dura-Europos archival photograph, YUAG negative number z95 -object-id-3782 replaced.jpg"
4027,"Drawing, graffito from Temple of Bel (copy by Pillet): Parthian warrior",temple of bel,Temple of Bel/Palmyrene Gods,,,y475,"Dura-Europos archival photograph, YUAG negative number y475 -object-id-4027.jpg"
4117,"Sacrifice of Julius terentius, after repairs at Yale",temple of bel,Temple of Bel/Palmyrene Gods,,1931.386,y328,"Dura-Europos archival photograph, YUAG negative number y328 -object-id-4117.jpg"
5184,stone altar with inscription #168 - Zeus Betylos,temple of bel,Temple of Bel/Palmyrene Gods,,,dam-30~01,"Dura-Europos archival photograph, YUAG negative number dam-30~01 -object-id-5184.jpg"
6179,"Fresco froom doorway between naos and pronaos, Temple of Bel: sacrificing priest",temple of bel,Temple of Bel/Palmyrene Gods,,,dura-d280~01,"Dura-Europos archival photograph, YUAG negative number dura-d280~01 -object-id-6179.jpg"
8700,Iarhibol altar from the temple of Bel,temple of bel,Temple of Bel/Palmyrene Gods,,1929.385,dura-b132~01,"Dura-Europos archival photograph, YUAG negative number dura-b132~01 -object-id-8700.jpg"
10151,"Sacrifice of Julius Terentius, detail",temple of bel,Temple of Bel/Palmyrene Gods,,1931.386,y329,"Dura-Europos archival photograph, YUAG negative number y329 -object-id-10151.jpg"
12014,Silver Bracelet,temple of bel,Temple of Bel/Palmyrene Gods,,,dura-b260~01,"Dura-Europos archival photograph, YUAG negative number dura-b260~01 -object-id-12014.jpg"
12493,"Iron chain armor, Iron lance head",temple of bel,Temple of Bel/Palmyrene Gods,,,k224a,"Dura-Europos archival photograph, YUAG negative number k224a -object-id-12493.jpg"
14238,Temple of Bel looking w. across court with Tower 1 and doorway to pronaos,temple of bel,Temple of Bel/Palmyrene Gods,,,dura-b48~01,"Dura-Europos archival photograph, YUAG negative number dura-b48~01 -object-id-14238.jpg"
479,Inscr. on walls bet. P.G. and t18,temple of bel,"Temple of Bel/Palmyrene Gods, Tower 18",,,dura-g741b~01,"Dura-Europos archival photograph, YUAG negative number dura-g741b~01 -object-id-479.tif"
2460,Inscr. on walls bet. P.G. and t18,temple of bel,"Temple of Bel/Palmyrene Gods, Tower 18",,,dura-g739b~01,"Dura-Europos archival photograph, YUAG negative number dura-g739b~01 -object-id-2460.tif"
9808,Inscr. on walls bet. P.G. and t18,temple of bel,"Temple of Bel/Palmyrene Gods, Tower 18",,,dura-g740b~01,"Dura-Europos archival photograph, YUAG negative number dura-g740b~01 -object-id-9808.jpg"
12018,1) Earthquake Inscription and 2) Relief Pattern Frieze,temple of bel,Temple of Bel/Palmyrene Gods; Citadel,,,dura-b130~01,"Dura-Europos archival photograph, YUAG negative number dura-b130~01 -object-id-12018.jpg"
14530,"Fresco from pronaos, south wall, part, Temple of Bel",temple of bel,Temple of Bel/Palmyrene Godsl,,,dura-d293~01,"Dura-Europos archival photograph, YUAG negative number dura-d293~01 -object-id-14530.jpg"
14548,Wall in front of frescoes,temple of bel,Temple of Bel/Palmyrene Godsl,,,dura-d268~01,"Dura-Europos archival photograph, YUAG negative number dura-d268~01 -object-id-14548.jpg"
11724,"Detail of Fresco, Tibune",temple of bel,"Temple of Bel/Palmyrene Godsl, Pronaos A, West Wall",,,yale1375,"Dura-Europos archival photograph, YUAG negative number yale1375 -object-id-11724.jpg"
1561,"Redware bowl, Redware sherd",temple of bel,"Temple of Gadde, headquarters of Dux",,,i220a,"Dura-Europos archival photograph, YUAG negative number i220a -object-id-3214.jpg"
6176,Large Altar to Gods of Palmyra,temple of bel,"Temple of Gadde, Headquarters of the Dux, Necropolis Trench II, Temple of Zeus Megistos",,,i135a,"Dura-Europos archival photograph, YUAG negative number i135a -object-id-4619.tif"
10598,Gen'l view from T. of Palmyrian Gods,temple of bel,"Temple of Gadde, pronaos A",,1935.558,y343,"Dura-Europos archival photograph, YUAG negative number y343 -object-id-14473.jpg"
9088,Glass Aryballos,temple of bel,Temple to Palmyrene Gods,,1984.11.16,1929'383.1~01,"Dura-Europos archival photograph, YUAG negative number 1929'383.1~01 -object-id-3987 replaced.jpg"
417,Fresco fragments,temple of bel,temple of the palmyrene gods,,1931.528,1932'1205~01,"Dura-Europos archival photograph, YUAG negative number 1932'1205~01 -object-id-14313.tif"
4015,Fresco fragments,temple of bel,Temple of the Palmyrene Gods,,,h322b,"Dura-Europos archival photograph, YUAG negative number h322b -object-id-13950.jpg"
3994,Pot,temple of gadde,Temple of Cadd,,1936.600j,1938'4787~01,"Dura-Europos archival photograph, YUAG negative number 1938'4787~01 -object-id-3994.jpg"
2788,Mould,temple of gadde,Temple of Gadde,,,i155a,"Dura-Europos archival photograph, YUAG negative number i155a -object-id-2788.tif"
2870,"Fig. Head, frag. of fig. (3)",temple of gadde,Temple of Gadde,,1938.4945,i136a,"Dura-Europos archival photograph, YUAG negative number i136a -object-id-2870.tif"
2948,"Gadde H1, West portion, looking N.",temple of gadde,Temple of Gadde,,,k358a,"Dura-Europos archival photograph, YUAG negative number k358a -object-id-2948.tif"
3357,"Gadde H1-1, court with steps to pronaos 2 at right",temple of gadde,Temple of Gadde,,,k98a,"Dura-Europos archival photograph, YUAG negative number k98a -object-id-3357.tif"
3871,"Temple of the Gadde, Period IV, plan/section/detail",temple of gadde,Temple of Gadde,,,y58h,"Dura-Europos archival photograph, YUAG negative number y58h -object-id-3871.tif"
4529,"Gadde H1, East portion",temple of gadde,Temple of Gadde,,,k355a,"Dura-Europos archival photograph, YUAG negative number k355a -object-id-4529.tif"
11112,Painting fragments - Period III,temple of gadde,Temple of Gadde,,1935.557,i239a,"Dura-Europos archival photograph, YUAG negative number i239a -object-id-11112.tif"
13559,"Block h1, Temple of Gadde, final period, plan and section",temple of gadde,Temple of Gadde,,,y13,"Dura-Europos archival photograph, YUAG negative number y13 -object-id-13559.tif"
432,Gadde H1- looking S. from corner of building with area 10 in foreground (wall of Period III + columns of Period IV),temple of gadde,Temple of Gadde,,,k106a,"Dura-Europos archival photograph, YUAG negative number k106a -object-id-432.tif"
437,"Gadde H1-13a, with earlier dividing wall in situ",temple of gadde,Temple of Gadde,,,k102a,"Dura-Europos archival photograph, YUAG negative number k102a -object-id-437.tif"
441,"Gadde H1-1 looking NW towards area d, steps to pronaos at left, aedicula in 7 at right",temple of gadde,Temple of Gadde,,,k100a,"Dura-Europos archival photograph, YUAG negative number k100a -object-id-441.tif"
1208,"Temple of the Gadde, Period IV, plan/section/detail",temple of gadde,Temple of Gadde,,,y58e,"Dura-Europos archival photograph, YUAG negative number y58e -object-id-1208.jpg"
1757,"Temple of the Gadde, Period IV, plan/section/detail",temple of gadde,Temple of Gadde,,,y58g,"Dura-Europos archival photograph, YUAG negative number y58g -object-id-1757.jpg"
2457,"Gadde, H1-2, a  Pronaos, looking S.",temple of gadde,Temple of Gadde,,,k93a,"Dura-Europos archival photograph, YUAG negative number k93a -object-id-2457.tif"
2461,"Naos 3 seen from pronaos 2, with earlier walls",temple of gadde,Temple of Gadde,,,i367a,"Dura-Europos archival photograph, YUAG negative number i367a -object-id-2461.tif"
2779,H1-1c,temple of gadde,Temple of Gadde,,,k94a,"Dura-Europos archival photograph, YUAG negative number k94a -object-id-2779.jpg"
3074,fresoe frags. - Period III,temple of gadde,Temple of Gadde,,1935.557,i235a,"Dura-Europos archival photograph, YUAG negative number i235a -object-id-3074.jpg"
3075,Showing benches of 7a stage looking West,temple of gadde,Temple of Gadde,,,i365a,"Dura-Europos archival photograph, YUAG negative number i365a -object-id-3075.jpg"
4079,Fragments of Sculptured Relief,temple of gadde,Temple of Gadde,,1938.5371.1,1938'5373~01,"Dura-Europos archival photograph, YUAG negative number 1938'5373~01 -object-id-4079.jpg"
5176,"Gadde H1-8 - salle aux gradius, S. corner",temple of gadde,Temple of Gadde,,,k96a,"Dura-Europos archival photograph, YUAG negative number k96a -object-id-5176.jpg"
8590,"Temple of the Gadde, plan",temple of gadde,Temple of Gadde,,,y58,"Dura-Europos archival photograph, YUAG negative number y58 -object-id-8590.jpg"
9206,"Temple of the Gadde, Period IV, plan/section/detail",temple of gadde,Temple of Gadde,,,y58b,"Dura-Europos archival photograph, YUAG negative number y58b -object-id-9206.jpg"
9207,"Temple of the Gadde, Period IV, plan/section/detail",temple of gadde,Temple of Gadde,,,y58c,"Dura-Europos archival photograph, YUAG negative number y58c -object-id-9207.jpg"
10188,"Gadde H1-2a, looking South",temple of gadde,Temple of Gadde,,,k101a,"Dura-Europos archival photograph, YUAG negative number k101a -object-id-10188.jpg"
11099,"Temple of the Gadde, Period IV, plan/section/detail",temple of gadde,Temple of gadde,,,y58a,"Dura-Europos archival photograph, YUAG negative number y58a -object-id-11099.jpg"
12016,South part of pronaos showing benches and doorway 2/5,temple of gadde,Temple of Gadde,,,i366a,"Dura-Europos archival photograph, YUAG negative number i366a -object-id-12016.jpg"
13222,"Temple of the Gadde, Period IV, plan/section/detail",temple of gadde,Temple of Gadde,,,y58d,"Dura-Europos archival photograph, YUAG negative number y58d -object-id-13222.jpg"
13654,Painting fragments - Period III,temple of gadde,Temple of Gadde,,,i240a,"Dura-Europos archival photograph, YUAG negative number i240a -object-id-13654.jpg"
14284,Gadde H1-2a,temple of gadde,Temple of Gadde,,,k97a,"Dura-Europos archival photograph, YUAG negative number k97a -object-id-14284.jpg"
14345,Plaster Block with Bas-relief Head,temple of gadde,Temple of Gadde,,1938.5361,1938'5362~01,"Dura-Europos archival photograph, YUAG negative number 1938'5362~01 -object-id-14345.jpg"
480,Gadde H1-2b  Pronaos looking N. with door to naos 6 a,temple of gadde,Temple of Gadde,,,k95a,"Dura-Europos archival photograph, YUAG negative number k95a -object-id-480.jpg"
854,"Gadde, H1 - North court looking S., stairs to salle aux gradius 8 at right",temple of gadde,Temple of Gadde,,,k92a,"Dura-Europos archival photograph, YUAG negative number k92a -object-id-854 replaced.jpg"
2886,"Temple of the Gadde, Period IV, plan/section/detail",temple of gadde,Temple of Gadde,,,y58f,"Dura-Europos archival photograph, YUAG negative number y58f -object-id-2886.jpg"
3150,Green Glazed Vase,temple of gadde,Temple of Gadde,,,i148a,"Dura-Europos archival photograph, YUAG negative number i148a -object-id-3150.jpg"
3217,"Gadde H1, East portion",temple of gadde,Temple of Gadde,,,k357a,"Dura-Europos archival photograph, YUAG negative number k357a -object-id-3217.jpg"
4383,Painting fragments - Period III,temple of gadde,Temple of Gadde,,1935.557,i237a,"Dura-Europos archival photograph, YUAG negative number i237a -object-id-4383.jpg"
4409,Gadde H1- looking W. through 4 to naos 5,temple of gadde,Temple of Gadde,,,k99a,"Dura-Europos archival photograph, YUAG negative number k99a -object-id-4409.jpg"
4525,"Gadde H1-8,9",temple of gadde,Temple of Gadde,,,k104a,"Dura-Europos archival photograph, YUAG negative number k104a -object-id-4525.jpg"
4618,Gadde H1-13a - early foundations,temple of gadde,Temple of Gadde,,,k105a,"Dura-Europos archival photograph, YUAG negative number k105a -object-id-4618.jpg"
4621,inscrip.,temple of gadde,Temple of Gadde,,,i147a,"Dura-Europos archival photograph, YUAG negative number i147a -object-id-4621.jpg"
5179,Painting fragments - Period III,temple of gadde,Temple of Gadde,,1935.557,i236a,"Dura-Europos archival photograph, YUAG negative number i236a -object-id-5179 replaced.jpg"
5312,Painting fragment - Period III,temple of gadde,Temple of Gadde,,1935.557,i241a,"Dura-Europos archival photograph, YUAG negative number i241a -object-id-5312 replaced.jpg"
8492,Painting fragments - Period III,temple of gadde,Temple of Gadde,,1935.557,i238a,"Dura-Europos archival photograph, YUAG negative number i238a -object-id-8492.jpg"
9107,"Plan, Gadde - H1 Period II, central complex",temple of gadde,Temple of Gadde,,,k452a,"Dura-Europos archival photograph, YUAG negative number k452a -object-id-9107.jpg"
10233,"Gadde H1, East portion, looking N",temple of gadde,Temple of Gadde,,,k356a,"Dura-Europos archival photograph, YUAG negative number k356a -object-id-10233.jpg"
12013,"Gadde, H1 - looking S. to naos from court 1",temple of gadde,Temple of Gadde,,,k91a,"Dura-Europos archival photograph, YUAG negative number k91a -object-id-12013.jpg"
13596,"Gadde H1-7a, doorway + aedicula",temple of gadde,Temple of Gadde,,,k103a,"Dura-Europos archival photograph, YUAG negative number k103a -object-id-13596.jpg"
14264,Voussoir with Relief Head,temple of gadde,Temple of Gadde,,1938.5363,1938'5364~01,"Dura-Europos archival photograph, YUAG negative number 1938'5364~01 -object-id-14264 replaced.jpg"
12009,green glazed vase,temple of gadde,"Temple of Gadde, Temple of Zeus Megistos",,,i168a,"Dura-Europos archival photograph, YUAG negative number i168a -object-id-4006.tif"
1510,Bronze Bracelet,temple of gadde,"Temple of Gadde, Temple of Zeus Megistos",,,i142a,"Dura-Europos archival photograph, YUAG negative number i142a -object-id-3430.jpg"
8539,Bronze Ward,temple of gadde,"Temple of Gadde, Temple of Zeus Megistos",,,i141a,"Dura-Europos archival photograph, YUAG negative number i141a -object-id-13814.jpg"
8746,Bronze Cover,temple of gadde,"Temple of Gadde; Necropolis, Tomb 37",,,i154a,"Dura-Europos archival photograph, YUAG negative number i154a -object-id-3824.jpg"
8752,Bronze Needle,temple of gadde,Temple of Hadad (in bench of N. Salle Aux Gradins),,1938.842,1938'852~01,"Dura-Europos archival photograph, YUAG negative number 1938'852~01 -object-id-5771.jpg"
3429,Painted Stone Ceiling Block,temple of gadde,Temple of Haddad-6,,1938.3187,1938'3188~01,"Dura-Europos archival photograph, YUAG negative number 1938'3188~01 -object-id-1243.jpg"
2330,Tyche of Dura with Seleukos I,temple of gadde,Temple of Jupiter Dolichenus,,"1938.2163, 1938.2179",y548,"Dura-Europos archival photograph, YUAG negative number y548 -object-id-1223.jpg"
2947,"Bas-Relief, Seleucus Nicator & Zeus Olympros",temple of gadde,Temple of Palmyrene Gods,,,k225a,"Dura-Europos archival photograph, YUAG negative number k225a -object-id-1561.tif"
3427,Painted Stone Ceiling Block,temple of gadde,Temple of Palmyrene Gods,,1981.62.35,1929'385~01,"Dura-Europos archival photograph, YUAG negative number 1929'385~01 -object-id-6176.jpg"
3428,Painted Stone Ceiling Block,temple of gadde,Temple of Palmyrian Gods,,,k43a,"Dura-Europos archival photograph, YUAG negative number k43a -object-id-10598.tif"
3454,Bas-relief with Aramaic Inscription,temple of gadde,Temple of Roman Archers,,,dura-b150~01,"Dura-Europos archival photograph, YUAG negative number dura-b150~01 -object-id-12009.tif"
3779,"Temple of the Gadde, period II, north house plan",temple of gadde,Temple of the Cadd,,1938.2294,1938'2295~01,"Dura-Europos archival photograph, YUAG negative number 1938'2295~01 -object-id-1510.jpg"
3821,"Temple of the Gadde- drawings of 1) top block of segmental door jamb from Period I and 2) design on bracelet of painted fig. from naos 2b, Period III",temple of gadde,Temple of the Cadd,,1938.3158,1938'3276~01,"Dura-Europos archival photograph, YUAG negative number 1938'3276~01 -object-id-8539.jpg"
3849,Tyche of Palmyra relief,temple of gadde,Temple of the Cadd,,1938.3516,1938'3518~01,"Dura-Europos archival photograph, YUAG negative number 1938'3518~01 -object-id-8746.jpg"
3872,Temple of the Gadde. Pronaos facade. South niche. inscr. #911,temple of gadde,Temple of the Cadd,,1938.2917,1938'2928~01,"Dura-Europos archival photograph, YUAG negative number 1938'2928~01 -object-id-8752.jpg"
3954,Temple of the Gadde. Pronaos 2 facade. South niche with inscr. #911,temple of gadde,Temple of the Gadda,,1938.4887,1938'4889~01,"Dura-Europos archival photograph, YUAG negative number 1938'4889~01 -object-id-3429.tif"
4253,Temple of the Gadde. Pronaos 2 facade. inscr. #911,temple of gadde,Temple of the Gadde,,1935.45,z58,"Dura-Europos archival photograph, YUAG negative number z58 -object-id-2330.tif"
6216,Temple of Gadde: Bas Relief of Seleukos Nikator & Tyche of Dura,temple of gadde,Temple of the Gadde,,,z135,"Dura-Europos archival photograph, YUAG negative number z135 -object-id-2947.tif"
7700,Bronze eagle head (back view),temple of gadde,Temple of the Gadde,,1938.4889,1938'4889~01,"Dura-Europos archival photograph, YUAG negative number 1938'4889~01 -object-id-3427.tif"
9355,Relief of Tyche of Palmyra,temple of gadde,Temple of the Gadde,,1938.489,1938'4891~01,"Dura-Europos archival photograph, YUAG negative number 1938'4891~01 -object-id-3428.tif"
11311,"Temple of the Gadde: Lion, Plaster",temple of gadde,Temple of the Gadde,,1938'5290,1938'5301~01,"Dura-Europos archival photograph, YUAG negative number 1938'5301~01 -object-id-3454.tif"
11329,Tyche of Dura relief,temple of gadde,Temple of the Gadde,,,y578,"Dura-Europos archival photograph, YUAG negative number y578 -object-id-3779.tif"
12102,"Temple of the Gadde, reconstruction drawing by Gute - Pronaos 2 looking into naos 3",temple of gadde,Temple of the Gadde,,?,y629,"Dura-Europos archival photograph, YUAG negative number y629 -object-id-3821.tif"
13890,fragments of relief sculpture from Temple of the Gadde,temple of gadde,Temple of the Gadde,,,y230a,"Dura-Europos archival photograph, YUAG negative number y230a -object-id-3849.tif"
428,Miniature Bottle,temple of gadde,Temple of the Gadde,,,h330b,"Dura-Europos archival photograph, YUAG negative number h330b -object-id-3872.tif"
1303,"Temple of the Gadde: Parthian head, plaster.",temple of gadde,Temple of the Gadde,,,h329b,"Dura-Europos archival photograph, YUAG negative number h329b -object-id-3954.tif"
1334,Temple of the Gadde. Pronaos doorway 1/2,temple of gadde,Temple of the Gadde,,,h331b,"Dura-Europos archival photograph, YUAG negative number h331b -object-id-4253.tif"
2898,"Temple of the Gadde, plan of period II, central complex by Brown",temple of gadde,Temple of the Gadde,,1938.5314,dura-h142a~01,"Dura-Europos archival photograph, YUAG negative number dura-h142a~01 -object-id-6216.tif"
3615,"Temple of the Gadde - period III, reconstruction of figure from naos 2b",temple of gadde,Temple of the Gadde,,,h335b,"Dura-Europos archival photograph, YUAG negative number h335b -object-id-7700.tif"
4547,"Temple of the Gadde. Naos, period IV, looking west.",temple of gadde,Temple of the Gadde,,1938.5313,y225,"Dura-Europos archival photograph, YUAG negative number y225 -object-id-9355.tif"
4800,"Temple of the Gadde, Period IV: reconstruction drawing by Gute, pronaos 2 looking into naos 3",temple of gadde,Temple of the Gadde,,1938.5315,dura-h143a~01,"Dura-Europos archival photograph, YUAG negative number dura-h143a~01 -object-id-11311.tif"
6174,Clay Figurine,temple of gadde,Temple of the Gadde,,1938.5313,y230b,"Dura-Europos archival photograph, YUAG negative number y230b -object-id-11329.tif"
7306,Temple of the Gadde - reconstruction drawing by Gute: room 8 looking into naos 9,temple of gadde,Temple of the Gadde,,,y616,"Dura-Europos archival photograph, YUAG negative number y616 -object-id-12102.tif"
8717,Bronze Fibula,temple of gadde,Temple of the Gadde,,,y605,"Dura-Europos archival photograph, YUAG negative number y605 -object-id-13890.tif"
8814,"Temple of the Gadde: Lion, plaster",temple of gadde,Temple of the Gadde,,1938.5967,1938'5969~01,"Dura-Europos archival photograph, YUAG negative number 1938'5969~01 -object-id-428.jpg"
9280,"Temple of Gadde: Bas Relief, Tyche of Palmyra (before restoration)",temple of gadde,Temple of the Gadde,,1938.532,dura-h146a~01,"Dura-Europos archival photograph, YUAG negative number dura-h146a~01 -object-id-1303.jpg"
10427,bone pyxis fragment,temple of gadde,Temple of the Gadde,,,h333b,"Dura-Europos archival photograph, YUAG negative number h333b -object-id-1334.jpg"
10428,bone pyxis fragment,temple of gadde,Temple of the Gadde,,,y580,"Dura-Europos archival photograph, YUAG negative number y580 -object-id-2898.jpg"
10589,Relief of Tyche of Dura,temple of gadde,Temple of the Gadde,,,y585,"Dura-Europos archival photograph, YUAG negative number y585 -object-id-3615.jpg"
11123,Temple of the Gadde: Bas Relief of Iarhibol,temple of gadde,Temple of the Gadde,,,dura-h138a~01,"Dura-Europos archival photograph, YUAG negative number dura-h138a~01 -object-id-4547.jpg"
11307,"Temple of the Gadde, sections by Brown",temple of gadde,Temple of the Gadde,,,y716,"Dura-Europos archival photograph, YUAG negative number y716 -object-id-4800.jpg"
11309,Temple of the Gadde. Pronaos facade. aedicula,temple of gadde,Temple of the Gadde,,1938.4937,1938'4945~01,"Dura-Europos archival photograph, YUAG negative number 1938'4945~01 -object-id-6174.jpg"
11973,"Temple of the Gadde, Period I plan",temple of gadde,Temple of the Gadde,,,y575,"Dura-Europos archival photograph, YUAG negative number y575 -object-id-7306.jpg"
12133,Jar,temple of gadde,Temple of the Gadde,,1938.2082,1938'2083~01,"Dura-Europos archival photograph, YUAG negative number 1938'2083~01 -object-id-8717.jpg"
13733,"Temple of the Gadde, Gute copies - relief sculpture: Tyche of Palmyra, Gad of Dura",temple of gadde,Temple of the Gadde,,1938.5315,dura-h144a~01,"Dura-Europos archival photograph, YUAG negative number dura-h144a~01 -object-id-8814.jpg"
13774,"Temple of the Gadde, reconstruction drawing of Period IV by Gute",temple of gadde,Temple of the Gadde,,1938.5313,dura-h141a~01,"Dura-Europos archival photograph, YUAG negative number dura-h141a~01 -object-id-9280.jpg"
13889,"Temple of the Gadde - reconstruction drawing by Gute: forecourt 1, looking into 7 and on into NW part of temple",temple of gadde,Temple of the Gadde,,1938.845,1938'846~01,"Dura-Europos archival photograph, YUAG negative number 1938'846~01 -object-id-10427.jpg"
221,clay figurine of a horse,temple of gadde,Temple of the Gadde,,1938.844,1938'845~01,"Dura-Europos archival photograph, YUAG negative number 1938'845~01 -object-id-10428.jpg"
779,Painted Stone Slab (ceiling slab),temple of gadde,Temple of the Gadde,,1938.5314,y226,"Dura-Europos archival photograph, YUAG negative number y226 -object-id-10589.jpg"
2069,Frank Brown & Crew in the Temple of the Gadde,temple of gadde,Temple of the Gadde,,1938.5301,dura-h140a~01,"Dura-Europos archival photograph, YUAG negative number dura-h140a~01 -object-id-11123.jpg"
4451,Plaster Block with Bas-Relief Head,temple of gadde,Temple of the Gadde,,,y583,"Dura-Europos archival photograph, YUAG negative number y583 -object-id-11307.jpg"
11972,Temple of Gadde: fragments of bas relief,temple of gadde,Temple of the Gadde,,,h332b,"Dura-Europos archival photograph, YUAG negative number h332b -object-id-11309.jpg"
12499,Half Glazed Jar,temple of gadde,Temple of the Gadde,,,y598,"Dura-Europos archival photograph, YUAG negative number y598 -object-id-11973.jpg"
6087,"flask (i574), pitcher (i192)",temple of gadde,Temple of the Gadde,,1938.5975,1938'5979~01,"Dura-Europos archival photograph, YUAG negative number 1938'5979~01 -object-id-12133.jpg"
14274,Gypsum Statuette (Nebo?),temple of gadde,Temple of the Gadde,,,y618,"Dura-Europos archival photograph, YUAG negative number y618 -object-id-13733.jpg"
6175,"Horse fig., C.W. sherd, Faience figs. (2)",temple of gadde,Temple of the Gadde,,,y571,"Dura-Europos archival photograph, YUAG negative number y571 -object-id-13774.jpg"
6885,"Alabaster fig., Figurine",temple of gadde,Temple of the Gadde,,,y574,"Dura-Europos archival photograph, YUAG negative number y574 -object-id-13889.jpg"
14313,mythological scene,temple of gadde,Temple of the Gadde,,1938.4908,1938'4950~01,"Dura-Europos archival photograph, YUAG negative number 1938'4950~01 -object-id-221.jpg"
13950,Temple of Bel. Blocked window. no information.,temple of gadde,Temple of the Gadde,,"a) 1938.4869, b) 1938.4865, c) 1933.327b, d) 1934.608b, 1931.473b, 1938.4871",yale1289,"Dura-Europos archival photograph, YUAG negative number yale1289 -object-id-779.jpg"
4183,Periform Jug,temple of gadde,Temple of the Gadde,,,dura-h139a~01,"Dura-Europos archival photograph, YUAG negative number dura-h139a~01 -object-id-2069.jpg"
4173,Fresco fragments,temple of gadde,Temple of the Gadde,,1938.5263,yale1481,"Dura-Europos archival photograph, YUAG negative number yale1481 -object-id-4451 replaced.jpg"
12691,Fresco fragments,temple of gadde,Temple of the Gadde,,,dura-h148a~01,"Dura-Europos archival photograph, YUAG negative number dura-h148a~01 -object-id-11972.jpg"
13583,Fresco fragments,temple of gadde,Temple of the Gadde,,"a) 1938.4780, b) 1938.4779",yale1134,"Dura-Europos archival photograph, YUAG negative number yale1134 -object-id-12499.jpg"
13648,Fresco fragments,temple of gadde,Temple of the Gadde (i574); necropolis trench 2 (i192),,,dam-57~01,"Dura-Europos archival photograph, YUAG negative number dam-57~01 -object-id-6087.jpg"
13736,Fresco fragments,temple of gadde,"Temple of the Gadde, Naos 3",,1938.5299,1938'5304~01,"Dura-Europos archival photograph, YUAG negative number 1938'5304~01 -object-id-14274.tif"
14356,Fresco fragments,temple of gadde,"Temple of the Gadde, Necropolis Trench II, Temple of Zeus Megistos, Headquarters of Dux",,,i137a,"Dura-Europos archival photograph, YUAG negative number i137a -object-id-6175.jpg"
168,Fresco fragments,temple of gadde,"Temple of the Gadde, Necropolis Trench III",,,i138a,"Dura-Europos archival photograph, YUAG negative number i138a -object-id-6885.jpg"
12696,"Temple of Zeus Kyrios Room Z1, altar of varios periods, from South",temple of zeus kyrios,"Temple of Zeus Kirios, Tower 16",,,h51a,"Dura-Europos archival photograph, YUAG negative number h51a -object-id-13947.jpg"
13647,Stone relief of Zeus Kyrios,temple of zeus kyrios,Temple of Zeus Kyrios,,,dura-ds89~01,"Dura-Europos archival photograph, YUAG negative number dura-ds89~01 -object-id-406.tif"
13759,Fragment of Bas-Relief,temple of zeus kyrios,Temple of Zeus Kyrios,,,k18a,"Dura-Europos archival photograph, YUAG negative number k18a -object-id-899.tif"
14330,"Cast of cult relief of Aphlad, detail",temple of zeus kyrios,Temple of Zeus Kyrios,,,k3a,"Dura-Europos archival photograph, YUAG negative number k3a -object-id-3837.tif"
14348,"Temple of Zeus Kyrios Z1, altar, end reamins of early period",temple of zeus kyrios,Temple of Zeus Kyrios,,1938.5373,y606a,"Dura-Europos archival photograph, YUAG negative number y606a -object-id-4093.tif"
242,"Temple of Zeus Kyrios view from Wall Street, showing altar in Z1",temple of zeus kyrios,Temple of Zeus Kyrios,,,k17a,"Dura-Europos archival photograph, YUAG negative number k17a -object-id-4104.tif"
375,Temple of Zeus Kyrios wall,temple of zeus kyrios,Temple of Zeus Kyrios,,1938.2026,1938'2087~01,"Dura-Europos archival photograph, YUAG negative number 1938'2087~01 -object-id-4846.tif"